solid OpenSCAD_Model
  facet normal -0.622318 0.758296 -0.194182
    outer loop
      vertex -3.98736 5.9675 3.82286
      vertex -5.27776 5.27776 5.26487
      vertex -4.14671 6.20599 5.26487
    endloop
  endfacet
  facet normal 0.0816195 -0.828687 0.55373
    outer loop
      vertex 0 -5.79758 10.7579
      vertex 0 -6.61441 9.53547
      vertex 1.13105 -5.68618 10.7579
    endloop
  endfacet
  facet normal 0.67829 0.205759 -0.705398
    outer loop
      vertex 5.68618 1.13105 1.24205
      vertex 4.39577 1.82079 0.202421
      vertex 5.35626 2.21864 1.24205
    endloop
  endfacet
  facet normal 0.0192077 0.195033 0.980609
    outer loop
      vertex 0 2.17713 13.1771
      vertex 0 0.735128 13.4639
      vertex 0.424738 2.1353 13.1771
    endloop
  endfacet
  facet normal -0.205766 -0.678313 0.705374
    outer loop
      vertex -1.82079 -4.39577 11.7976
      vertex -2.21864 -5.35626 10.7579
      vertex -1.13105 -5.68618 10.7579
    endloop
  endfacet
  facet normal 0.938724 -0.284761 -0.194187
    outer loop
      vertex 6.89573 -2.85631 5.26487
      vertex 6.63073 -2.74654 3.82286
      vertex 7.03915 -1.40017 3.82286
    endloop
  endfacet
  facet normal -0.528261 -0.643694 -0.553713
    outer loop
      vertex -3.22096 -4.82051 1.24205
      vertex -4.67709 -4.67709 2.46452
      vertex -4.09951 -4.09951 1.24205
    endloop
  endfacet
  facet normal 0.815364 -0.43582 0.381108
    outer loop
      vertex 6.11092 -2.53122 9.53547
      vertex 5.9675 -3.98736 8.17713
      vertex 6.63073 -2.74654 8.17713
    endloop
  endfacet
  facet normal -0.0816203 0.828695 -0.553717
    outer loop
      vertex 0 5.79758 1.24205
      vertex -1.13105 5.68618 1.24205
      vertex 0 6.61441 2.46452
    endloop
  endfacet
  facet normal 0.054634 0.554724 0.830239
    outer loop
      vertex 0 4.75795 11.7976
      vertex 0 3.53547 12.6144
      vertex 0.928229 4.66653 11.7976
    endloop
  endfacet
  facet normal 0.920079 -0.0906168 0.381107
    outer loop
      vertex 6.61441 0 9.53547
      vertex 6.48732 -1.29041 9.53547
      vertex 7.03915 -1.40017 8.17713
    endloop
  endfacet
  facet normal -0.0816156 0.828685 0.553732
    outer loop
      vertex 0 6.61441 9.53547
      vertex -1.29041 6.48732 9.53547
      vertex -1.13105 5.68618 10.7579
    endloop
  endfacet
  facet normal 0.64368 0.528259 0.553731
    outer loop
      vertex 5.49968 3.67477 9.53547
      vertex 4.67709 4.67709 9.53547
      vertex 4.82051 3.22096 10.7579
    endloop
  endfacet
  facet normal 0.334142 -0.625138 0.705374
    outer loop
      vertex 3.22096 -4.82051 10.7579
      vertex 1.82079 -4.39577 11.7976
      vertex 2.21864 -5.35626 10.7579
    endloop
  endfacet
  facet normal 0.938725 0.284759 0.194187
    outer loop
      vertex 7.32047 1.45613 6.73513
      vertex 6.89573 2.85631 6.73513
      vertex 7.03915 1.40017 8.17713
    endloop
  endfacet
  facet normal -0.353614 0.430887 0.830237
    outer loop
      vertex -1.9642 2.93964 12.6144
      vertex -3.36438 3.36438 11.7976
      vertex -2.49996 2.49996 12.6144
    endloop
  endfacet
  facet normal -0.865134 -0.462422 0.194189
    outer loop
      vertex -6.63073 -2.74654 8.17713
      vertex -6.89573 -2.85631 6.73513
      vertex -5.9675 -3.98736 8.17713
    endloop
  endfacet
  facet normal 0.586518 0.714669 -0.38111
    outer loop
      vertex 4.67709 4.67709 2.46452
      vertex 3.98736 5.9675 3.82286
      vertex 5.07494 5.07494 3.82286
    endloop
  endfacet
  facet normal 0.88472 -0.268379 -0.381108
    outer loop
      vertex 6.63073 -2.74654 3.82286
      vertex 6.11092 -2.53122 2.46452
      vertex 7.03915 -1.40017 3.82286
    endloop
  endfacet
  facet normal 0.796846 0.241723 -0.55372
    outer loop
      vertex 6.48732 1.29041 2.46452
      vertex 5.68618 1.13105 1.24205
      vertex 6.11092 2.53122 2.46452
    endloop
  endfacet
  facet normal -0.643687 0.528265 -0.553719
    outer loop
      vertex -4.82051 3.22096 1.24205
      vertex -5.49968 3.67477 2.46452
      vertex -4.67709 4.67709 2.46452
    endloop
  endfacet
  facet normal -0.284759 -0.938725 0.194187
    outer loop
      vertex -1.40017 -7.03915 8.17713
      vertex -2.85631 -6.89573 6.73513
      vertex -1.45613 -7.32047 6.73513
    endloop
  endfacet
  facet normal -0.586518 0.714669 -0.38111
    outer loop
      vertex -4.67709 4.67709 2.46452
      vertex -5.07494 5.07494 3.82286
      vertex -3.98736 5.9675 3.82286
    endloop
  endfacet
  facet normal 0.392529 0.734372 0.553731
    outer loop
      vertex 2.53122 6.11092 9.53547
      vertex 2.21864 5.35626 10.7579
      vertex 3.22096 4.82051 10.7579
    endloop
  endfacet
  facet normal -0.111554 0.367749 0.92321
    outer loop
      vertex -0.424738 2.1353 13.1771
      vertex -1.35297 3.26635 12.6144
      vertex -0.833153 2.01141 13.1771
    endloop
  endfacet
  facet normal -0.392529 -0.734372 0.553731
    outer loop
      vertex -2.21864 -5.35626 10.7579
      vertex -3.22096 -4.82051 10.7579
      vertex -2.53122 -6.11092 9.53547
    endloop
  endfacet
  facet normal -0.88472 0.26838 -0.381107
    outer loop
      vertex -6.48732 1.29041 2.46452
      vertex -7.03915 1.40017 3.82286
      vertex -6.11092 2.53122 2.46452
    endloop
  endfacet
  facet normal -0.0906168 -0.920079 -0.381107
    outer loop
      vertex 0 -7.17705 3.82286
      vertex -1.40017 -7.03915 3.82286
      vertex 0 -6.61441 2.46452
    endloop
  endfacet
  facet normal -0.815364 0.43582 -0.381108
    outer loop
      vertex -6.11092 2.53122 2.46452
      vertex -6.63073 2.74654 3.82286
      vertex -5.9675 3.98736 3.82286
    endloop
  endfacet
  facet normal 0.88472 0.268379 0.381108
    outer loop
      vertex 6.63073 2.74654 8.17713
      vertex 6.11092 2.53122 9.53547
      vertex 7.03915 1.40017 8.17713
    endloop
  endfacet
  facet normal 0.920079 0.0906168 -0.381107
    outer loop
      vertex 6.61441 0 2.46452
      vertex 6.48732 1.29041 2.46452
      vertex 7.03915 1.40017 3.82286
    endloop
  endfacet
  facet normal 0.625136 -0.334143 0.705375
    outer loop
      vertex 4.39577 -1.82079 11.7976
      vertex 3.95609 -2.64337 11.7976
      vertex 4.82051 -3.22096 10.7579
    endloop
  endfacet
  facet normal 0.205761 -0.67829 -0.705397
    outer loop
      vertex 1.13105 -5.68618 1.24205
      vertex 0.928229 -4.66653 0.202421
      vertex 1.82079 -4.39577 0.202421
    endloop
  endfacet
  facet normal -0.815364 -0.43582 -0.381108
    outer loop
      vertex -5.9675 -3.98736 3.82286
      vertex -6.63073 -2.74654 3.82286
      vertex -6.11092 -2.53122 2.46452
    endloop
  endfacet
  facet normal -0.920079 -0.0906168 0.381107
    outer loop
      vertex -6.61441 0 9.53547
      vertex -7.17705 0 8.17713
      vertex -7.03915 -1.40017 8.17713
    endloop
  endfacet
  facet normal 0.26838 0.88472 -0.381107
    outer loop
      vertex 2.53122 6.11092 2.46452
      vertex 1.29041 6.48732 2.46452
      vertex 1.40017 7.03915 3.82286
    endloop
  endfacet
  facet normal 0.284761 0.938724 -0.194187
    outer loop
      vertex 2.74654 6.63073 3.82286
      vertex 1.40017 7.03915 3.82286
      vertex 2.85631 6.89573 5.26487
    endloop
  endfacet
  facet normal 0.828694 0.0816164 -0.55372
    outer loop
      vertex 6.61441 0 2.46452
      vertex 5.68618 1.13105 1.24205
      vertex 6.48732 1.29041 2.46452
    endloop
  endfacet
  facet normal 0.284759 -0.938725 0.194187
    outer loop
      vertex 2.85631 -6.89573 6.73513
      vertex 1.40017 -7.03915 8.17713
      vertex 1.45613 -7.32047 6.73513
    endloop
  endfacet
  facet normal 0.625138 0.334142 0.705374
    outer loop
      vertex 4.82051 3.22096 10.7579
      vertex 4.39577 1.82079 11.7976
      vertex 5.35626 2.21864 10.7579
    endloop
  endfacet
  facet normal -0.0376659 0.382445 0.92321
    outer loop
      vertex 0 3.53547 12.6144
      vertex -0.689736 3.46754 12.6144
      vertex -0.424738 2.1353 13.1771
    endloop
  endfacet
  facet normal 0.111554 -0.367749 0.92321
    outer loop
      vertex 0.833153 -2.01141 13.1771
      vertex 0.424738 -2.1353 13.1771
      vertex 1.35297 -3.26635 12.6144
    endloop
  endfacet
  facet normal -0.43582 -0.815364 0.381108
    outer loop
      vertex -2.53122 -6.11092 9.53547
      vertex -3.98736 -5.9675 8.17713
      vertex -2.74654 -6.63073 8.17713
    endloop
  endfacet
  facet normal -0.0906168 -0.920079 0.381107
    outer loop
      vertex 0 -6.61441 9.53547
      vertex -1.40017 -7.03915 8.17713
      vertex 0 -7.17705 8.17713
    endloop
  endfacet
  facet normal -0.625136 -0.334143 0.705375
    outer loop
      vertex -4.39577 -1.82079 11.7976
      vertex -4.82051 -3.22096 10.7579
      vertex -3.95609 -2.64337 11.7976
    endloop
  endfacet
  facet normal 0.0906168 -0.920079 -0.381107
    outer loop
      vertex 1.40017 -7.03915 3.82286
      vertex 0 -6.61441 2.46452
      vertex 1.29041 -6.48732 2.46452
    endloop
  endfacet
  facet normal -0.54792 -0.449662 -0.705399
    outer loop
      vertex -4.09951 -4.09951 1.24205
      vertex -4.82051 -3.22096 1.24205
      vertex -3.36438 -3.36438 0.202421
    endloop
  endfacet
  facet normal 0.462422 -0.865134 0.194189
    outer loop
      vertex 3.98736 -5.9675 8.17713
      vertex 2.74654 -6.63073 8.17713
      vertex 2.85631 -6.89573 6.73513
    endloop
  endfacet
  facet normal -0.284761 -0.938724 0.194189
    outer loop
      vertex -2.74654 -6.63073 8.17713
      vertex -2.85631 -6.89573 6.73513
      vertex -1.40017 -7.03915 8.17713
    endloop
  endfacet
  facet normal -0.187538 -0.056889 0.980609
    outer loop
      vertex -0.721003 -0.143416 13.4639
      vertex -2.1353 -0.424738 13.1771
      vertex -0.67917 -0.281321 13.4639
    endloop
  endfacet
  facet normal -0.815363 -0.43582 0.381109
    outer loop
      vertex -5.49968 -3.67477 9.53547
      vertex -6.11092 -2.53122 9.53547
      vertex -5.9675 -3.98736 8.17713
    endloop
  endfacet
  facet normal -0.054631 -0.554734 -0.830233
    outer loop
      vertex 0 -4.75795 0.202421
      vertex -0.698202 -4.38624 0
      vertex 0 -4.455 0
    endloop
  endfacet
  facet normal -0.0546355 -0.55474 -0.830228
    outer loop
      vertex -0.698202 -4.38624 0
      vertex 0 -4.75795 0.202421
      vertex -0.928229 -4.66653 0.202421
    endloop
  endfacet
  facet normal 0.528265 0.643687 -0.553719
    outer loop
      vertex 4.67709 4.67709 2.46452
      vertex 3.22096 4.82051 1.24205
      vertex 3.67477 5.49968 2.46452
    endloop
  endfacet
  facet normal 0.528255 0.643688 0.553726
    outer loop
      vertex 4.67709 4.67709 9.53547
      vertex 3.22096 4.82051 10.7579
      vertex 4.09951 4.09951 10.7579
    endloop
  endfacet
  facet normal -0.0961537 0.97624 -0.194191
    outer loop
      vertex 0 7.17705 3.82286
      vertex -1.45613 7.32047 5.26487
      vertex 0 7.46389 5.26487
    endloop
  endfacet
  facet normal 0.865132 0.462427 0.194184
    outer loop
      vertex 6.20599 4.14671 6.73513
      vertex 5.9675 3.98736 8.17713
      vertex 6.89573 2.85631 6.73513
    endloop
  endfacet
  facet normal 0.187538 0.0568884 0.980609
    outer loop
      vertex 2.01141 0.833153 13.1771
      vertex 0.67917 0.281321 13.4639
      vertex 2.1353 0.424738 13.1771
    endloop
  endfacet
  facet normal 0.643688 -0.528255 0.553726
    outer loop
      vertex 4.82051 -3.22096 10.7579
      vertex 4.09951 -4.09951 10.7579
      vertex 4.67709 -4.67709 9.53547
    endloop
  endfacet
  facet normal 0.262768 0.491609 -0.830225
    outer loop
      vertex 1.85633 4.03492 0
      vertex 2.64337 3.95609 0.202421
      vertex 2.47507 3.7042 0
    endloop
  endfacet
  facet normal 0.262768 0.491602 -0.830229
    outer loop
      vertex 2.64337 3.95609 0.202421
      vertex 1.85633 4.03492 0
      vertex 1.82079 4.39577 0.202421
    endloop
  endfacet
  facet normal 0.97624 0.0961537 0.194192
    outer loop
      vertex 7.32047 1.45613 6.73513
      vertex 7.17705 0 8.17713
      vertex 7.46389 0 6.73513
    endloop
  endfacet
  facet normal 0.920079 0.0906168 -0.381107
    outer loop
      vertex 7.17705 0 3.82286
      vertex 6.61441 0 2.46452
      vertex 7.03915 1.40017 3.82286
    endloop
  endfacet
  facet normal -0.43582 0.815364 0.381108
    outer loop
      vertex -2.74654 6.63073 8.17713
      vertex -3.98736 5.9675 8.17713
      vertex -2.53122 6.11092 9.53547
    endloop
  endfacet
  facet normal -0.976241 0.0961481 0.194186
    outer loop
      vertex -7.03915 1.40017 8.17713
      vertex -7.32047 1.45613 6.73513
      vertex -7.17705 0 8.17713
    endloop
  endfacet
  facet normal -0.586518 0.714669 0.38111
    outer loop
      vertex -3.98736 5.9675 8.17713
      vertex -5.07494 5.07494 8.17713
      vertex -4.67709 4.67709 9.53547
    endloop
  endfacet
  facet normal 0.124326 0.151491 0.980609
    outer loop
      vertex 1.53947 1.53947 13.1771
      vertex 0.408415 0.611237 13.4639
      vertex 0.519814 0.519814 13.4639
    endloop
  endfacet
  facet normal -0.268379 0.88472 -0.381108
    outer loop
      vertex -2.53122 6.11092 2.46452
      vertex -2.74654 6.63073 3.82286
      vertex -1.40017 7.03915 3.82286
    endloop
  endfacet
  facet normal -0.62232 0.758294 0.194186
    outer loop
      vertex -3.98736 5.9675 8.17713
      vertex -5.27776 5.27776 6.73513
      vertex -5.07494 5.07494 8.17713
    endloop
  endfacet
  facet normal -0.67829 0.205761 -0.705397
    outer loop
      vertex -4.66653 0.928229 0.202421
      vertex -5.68618 1.13105 1.24205
      vertex -4.39577 1.82079 0.202421
    endloop
  endfacet
  facet normal 0.392534 0.734379 -0.553718
    outer loop
      vertex 3.22096 4.82051 1.24205
      vertex 2.53122 6.11092 2.46452
      vertex 3.67477 5.49968 2.46452
    endloop
  endfacet
  facet normal 0.865132 -0.462427 -0.194183
    outer loop
      vertex 6.20599 -4.14671 5.26487
      vertex 5.9675 -3.98736 3.82286
      vertex 6.89573 -2.85631 5.26487
    endloop
  endfacet
  facet normal 0.796838 0.241721 0.553733
    outer loop
      vertex 6.11092 2.53122 9.53547
      vertex 5.68618 1.13105 10.7579
      vertex 6.48732 1.29041 9.53547
    endloop
  endfacet
  facet normal 0.26838 -0.88472 0.381107
    outer loop
      vertex 2.53122 -6.11092 9.53547
      vertex 1.29041 -6.48732 9.53547
      vertex 1.40017 -7.03915 8.17713
    endloop
  endfacet
  facet normal 0.865134 -0.462422 0.194189
    outer loop
      vertex 6.63073 -2.74654 8.17713
      vertex 5.9675 -3.98736 8.17713
      vertex 6.89573 -2.85631 6.73513
    endloop
  endfacet
  facet normal 0.4714 -0.881919 0
    outer loop
      vertex 2.85631 -6.89573 5.26487
      vertex 4.14671 -6.20599 6.73513
      vertex 2.85631 -6.89573 6.73513
    endloop
  endfacet
  facet normal 0.4714 -0.881919 0
    outer loop
      vertex 4.14671 -6.20599 6.73513
      vertex 2.85631 -6.89573 5.26487
      vertex 4.14671 -6.20599 5.26487
    endloop
  endfacet
  facet normal 0.77301 -0.634394 0
    outer loop
      vertex 5.27776 -5.27776 6.73513
      vertex 6.20599 -4.14671 5.26487
      vertex 6.20599 -4.14671 6.73513
    endloop
  endfacet
  facet normal 0.77301 -0.634394 0
    outer loop
      vertex 6.20599 -4.14671 5.26487
      vertex 5.27776 -5.27776 6.73513
      vertex 5.27776 -5.27776 5.26487
    endloop
  endfacet
  facet normal 0.187538 0.056889 0.980609
    outer loop
      vertex 2.1353 0.424738 13.1771
      vertex 0.67917 0.281321 13.4639
      vertex 0.721003 0.143416 13.4639
    endloop
  endfacet
  facet normal 0.195033 0.0192088 0.980609
    outer loop
      vertex 2.1353 0.424738 13.1771
      vertex 0.721003 0.143416 13.4639
      vertex 0.735128 0 13.4639
    endloop
  endfacet
  facet normal 0.111555 0.367748 0.92321
    outer loop
      vertex 0.689736 3.46754 12.6144
      vertex 0.424738 2.1353 13.1771
      vertex 1.35297 3.26635 12.6144
    endloop
  endfacet
  facet normal -0.16181 0.533406 0.830238
    outer loop
      vertex -0.928229 4.66653 11.7976
      vertex -1.82079 4.39577 11.7976
      vertex -0.689736 3.46754 12.6144
    endloop
  endfacet
  facet normal -0.976241 -0.0961481 0.194186
    outer loop
      vertex -7.17705 0 8.17713
      vertex -7.32047 -1.45613 6.73513
      vertex -7.03915 -1.40017 8.17713
    endloop
  endfacet
  facet normal 0.187538 -0.056889 0.980609
    outer loop
      vertex 0.721003 -0.143416 13.4639
      vertex 0.67917 -0.281321 13.4639
      vertex 2.1353 -0.424738 13.1771
    endloop
  endfacet
  facet normal -0.262762 0.491591 0.830237
    outer loop
      vertex -1.82079 4.39577 11.7976
      vertex -2.64337 3.95609 11.7976
      vertex -1.9642 2.93964 12.6144
    endloop
  endfacet
  facet normal -0.124326 0.151491 0.980609
    outer loop
      vertex -0.408415 0.611237 13.4639
      vertex -1.53947 1.53947 13.1771
      vertex -0.519814 0.519814 13.4639
    endloop
  endfacet
  facet normal -0.643694 -0.528261 -0.553713
    outer loop
      vertex -4.67709 -4.67709 2.46452
      vertex -4.82051 -3.22096 1.24205
      vertex -4.09951 -4.09951 1.24205
    endloop
  endfacet
  facet normal -0.634394 -0.77301 0
    outer loop
      vertex -5.27776 -5.27776 5.26487
      vertex -4.14671 -6.20599 6.73513
      vertex -5.27776 -5.27776 6.73513
    endloop
  endfacet
  facet normal -0.634394 -0.77301 -0
    outer loop
      vertex -4.14671 -6.20599 6.73513
      vertex -5.27776 -5.27776 5.26487
      vertex -4.14671 -6.20599 5.26487
    endloop
  endfacet
  facet normal -0.43582 -0.815364 -0.381108
    outer loop
      vertex -2.74654 -6.63073 3.82286
      vertex -3.98736 -5.9675 3.82286
      vertex -2.53122 -6.11092 2.46452
    endloop
  endfacet
  facet normal 0.0961537 -0.97624 -0.194191
    outer loop
      vertex 1.45613 -7.32047 5.26487
      vertex 0 -7.46389 5.26487
      vertex 0 -7.17705 3.82286
    endloop
  endfacet
  facet normal -0.586518 -0.714669 0.38111
    outer loop
      vertex -4.67709 -4.67709 9.53547
      vertex -5.07494 -5.07494 8.17713
      vertex -3.98736 -5.9675 8.17713
    endloop
  endfacet
  facet normal -0.241723 -0.796846 -0.55372
    outer loop
      vertex -1.29041 -6.48732 2.46452
      vertex -2.53122 -6.11092 2.46452
      vertex -1.13105 -5.68618 1.24205
    endloop
  endfacet
  facet normal -0.0961481 -0.976242 -0.194185
    outer loop
      vertex 0 -7.17705 3.82286
      vertex -1.45613 -7.32047 5.26487
      vertex -1.40017 -7.03915 3.82286
    endloop
  endfacet
  facet normal 0.796838 -0.241721 0.553733
    outer loop
      vertex 6.48732 -1.29041 9.53547
      vertex 5.68618 -1.13105 10.7579
      vertex 6.11092 -2.53122 9.53547
    endloop
  endfacet
  facet normal -0.187538 -0.0568884 0.980609
    outer loop
      vertex -0.67917 -0.281321 13.4639
      vertex -2.1353 -0.424738 13.1771
      vertex -2.01141 -0.833153 13.1771
    endloop
  endfacet
  facet normal -0.26838 -0.88472 0.381107
    outer loop
      vertex -1.29041 -6.48732 9.53547
      vertex -2.53122 -6.11092 9.53547
      vertex -1.40017 -7.03915 8.17713
    endloop
  endfacet
  facet normal -0.0980197 -0.995184 0
    outer loop
      vertex -1.45613 -7.32047 5.26487
      vertex 0 -7.46389 6.73513
      vertex -1.45613 -7.32047 6.73513
    endloop
  endfacet
  facet normal -0.0980197 -0.995184 -0
    outer loop
      vertex 0 -7.46389 6.73513
      vertex -1.45613 -7.32047 5.26487
      vertex 0 -7.46389 5.26487
    endloop
  endfacet
  facet normal -0.0961481 -0.976241 0.194186
    outer loop
      vertex -1.40017 -7.03915 8.17713
      vertex -1.45613 -7.32047 6.73513
      vertex 0 -7.17705 8.17713
    endloop
  endfacet
  facet normal -0.491591 0.262762 0.830238
    outer loop
      vertex -2.93964 1.9642 12.6144
      vertex -4.39577 1.82079 11.7976
      vertex -3.26635 1.35297 12.6144
    endloop
  endfacet
  facet normal 0.995184 -0.0980197 0
    outer loop
      vertex 7.32047 -1.45613 6.73513
      vertex 7.46389 0 5.26487
      vertex 7.46389 0 6.73513
    endloop
  endfacet
  facet normal 0.995184 -0.0980197 0
    outer loop
      vertex 7.46389 0 5.26487
      vertex 7.32047 -1.45613 6.73513
      vertex 7.32047 -1.45613 5.26487
    endloop
  endfacet
  facet normal -0.0816164 0.828694 -0.55372
    outer loop
      vertex -1.13105 5.68618 1.24205
      vertex -1.29041 6.48732 2.46452
      vertex 0 6.61441 2.46452
    endloop
  endfacet
  facet normal 0.865134 0.462422 -0.194188
    outer loop
      vertex 6.63073 2.74654 3.82286
      vertex 5.9675 3.98736 3.82286
      vertex 6.89573 2.85631 5.26487
    endloop
  endfacet
  facet normal 0.815364 0.43582 -0.381108
    outer loop
      vertex 6.11092 2.53122 2.46452
      vertex 5.9675 3.98736 3.82286
      vertex 6.63073 2.74654 3.82286
    endloop
  endfacet
  facet normal 0.622318 0.758296 0.194183
    outer loop
      vertex 4.14671 6.20599 6.73513
      vertex 3.98736 5.9675 8.17713
      vertex 5.27776 5.27776 6.73513
    endloop
  endfacet
  facet normal -0.449676 0.547939 0.705375
    outer loop
      vertex -3.22096 4.82051 10.7579
      vertex -3.36438 3.36438 11.7976
      vertex -2.64337 3.95609 11.7976
    endloop
  endfacet
  facet normal -0.449662 0.54792 -0.705399
    outer loop
      vertex -3.36438 3.36438 0.202421
      vertex -4.09951 4.09951 1.24205
      vertex -3.22096 4.82051 1.24205
    endloop
  endfacet
  facet normal -0.241723 0.796846 -0.55372
    outer loop
      vertex -1.13105 5.68618 1.24205
      vertex -2.53122 6.11092 2.46452
      vertex -1.29041 6.48732 2.46452
    endloop
  endfacet
  facet normal 0.734372 0.39253 0.553731
    outer loop
      vertex 5.49968 3.67477 9.53547
      vertex 4.82051 3.22096 10.7579
      vertex 6.11092 2.53122 9.53547
    endloop
  endfacet
  facet normal 0.334132 0.625115 -0.705399
    outer loop
      vertex 2.64337 3.95609 0.202421
      vertex 1.82079 4.39577 0.202421
      vertex 3.22096 4.82051 1.24205
    endloop
  endfacet
  facet normal 0.43582 -0.815364 -0.381108
    outer loop
      vertex 2.74654 -6.63073 3.82286
      vertex 2.53122 -6.11092 2.46452
      vertex 3.98736 -5.9675 3.82286
    endloop
  endfacet
  facet normal 0.97624 -0.0961537 -0.194191
    outer loop
      vertex 7.32047 -1.45613 5.26487
      vertex 7.17705 0 3.82286
      vertex 7.46389 0 5.26487
    endloop
  endfacet
  facet normal 0.714669 0.586519 -0.381109
    outer loop
      vertex 5.49968 3.67477 2.46452
      vertex 4.67709 4.67709 2.46452
      vertex 5.9675 3.98736 3.82286
    endloop
  endfacet
  facet normal 0.62232 0.758294 0.194186
    outer loop
      vertex 5.27776 5.27776 6.73513
      vertex 3.98736 5.9675 8.17713
      vertex 5.07494 5.07494 8.17713
    endloop
  endfacet
  facet normal -0.920079 0.0906168 0.381107
    outer loop
      vertex -6.48732 1.29041 9.53547
      vertex -7.03915 1.40017 8.17713
      vertex -6.61441 0 9.53547
    endloop
  endfacet
  facet normal -0.938724 0.284761 0.194189
    outer loop
      vertex -6.89573 2.85631 6.73513
      vertex -7.03915 1.40017 8.17713
      vertex -6.63073 2.74654 8.17713
    endloop
  endfacet
  facet normal -0.705423 -0.0694789 0.705373
    outer loop
      vertex -4.66653 -0.928229 11.7976
      vertex -5.79758 0 10.7579
      vertex -5.68618 -1.13105 10.7579
    endloop
  endfacet
  facet normal -0.828687 -0.0816195 0.55373
    outer loop
      vertex -5.79758 0 10.7579
      vertex -6.61441 0 9.53547
      vertex -5.68618 -1.13105 10.7579
    endloop
  endfacet
  facet normal -0.262791 0.491601 -0.830223
    outer loop
      vertex -1.70486 4.11589 0
      vertex -1.85633 4.03492 0
      vertex -1.82079 4.39577 0.202421
    endloop
  endfacet
  facet normal -0.491609 0.262768 -0.830225
    outer loop
      vertex -4.03492 1.85633 0
      vertex -3.95609 2.64337 0.202421
      vertex -3.7042 2.47507 0
    endloop
  endfacet
  facet normal -0.491602 0.262768 -0.830229
    outer loop
      vertex -3.95609 2.64337 0.202421
      vertex -4.03492 1.85633 0
      vertex -4.39577 1.82079 0.202421
    endloop
  endfacet
  facet normal -0.547921 0.449661 -0.705399
    outer loop
      vertex -3.95609 2.64337 0.202421
      vertex -4.82051 3.22096 1.24205
      vertex -3.36438 3.36438 0.202421
    endloop
  endfacet
  facet normal -0.828694 -0.0816164 -0.55372
    outer loop
      vertex -6.48732 -1.29041 2.46452
      vertex -6.61441 0 2.46452
      vertex -5.68618 -1.13105 1.24205
    endloop
  endfacet
  facet normal -0.714669 0.586518 0.38111
    outer loop
      vertex -5.07494 5.07494 8.17713
      vertex -5.9675 3.98736 8.17713
      vertex -4.67709 4.67709 9.53547
    endloop
  endfacet
  facet normal -0.290285 0.95694 0
    outer loop
      vertex -1.45613 7.32047 5.26487
      vertex -2.85631 6.89573 6.73513
      vertex -1.45613 7.32047 6.73513
    endloop
  endfacet
  facet normal -0.290285 0.95694 0
    outer loop
      vertex -2.85631 6.89573 6.73513
      vertex -1.45613 7.32047 5.26487
      vertex -2.85631 6.89573 5.26487
    endloop
  endfacet
  facet normal -0.865134 0.462422 -0.194188
    outer loop
      vertex -6.63073 2.74654 3.82286
      vertex -6.89573 2.85631 5.26487
      vertex -5.9675 3.98736 3.82286
    endloop
  endfacet
  facet normal -0.938725 -0.284759 0.194187
    outer loop
      vertex -7.03915 -1.40017 8.17713
      vertex -7.32047 -1.45613 6.73513
      vertex -6.89573 -2.85631 6.73513
    endloop
  endfacet
  facet normal -0.796846 -0.241723 -0.55372
    outer loop
      vertex -6.11092 -2.53122 2.46452
      vertex -6.48732 -1.29041 2.46452
      vertex -5.68618 -1.13105 1.24205
    endloop
  endfacet
  facet normal -0.976242 0.0961481 -0.194185
    outer loop
      vertex -7.17705 0 3.82286
      vertex -7.32047 1.45613 5.26487
      vertex -7.03915 1.40017 3.82286
    endloop
  endfacet
  facet normal 0.678313 0.205768 0.705373
    outer loop
      vertex 5.68618 1.13105 10.7579
      vertex 4.39577 1.82079 11.7976
      vertex 4.66653 0.928229 11.7976
    endloop
  endfacet
  facet normal 0.796838 0.241721 0.553732
    outer loop
      vertex 6.11092 2.53122 9.53547
      vertex 5.35626 2.21864 10.7579
      vertex 5.68618 1.13105 10.7579
    endloop
  endfacet
  facet normal 0.828685 -0.0816156 0.553732
    outer loop
      vertex 6.61441 0 9.53547
      vertex 5.68618 -1.13105 10.7579
      vertex 6.48732 -1.29041 9.53547
    endloop
  endfacet
  facet normal 0.554724 -0.054634 0.830239
    outer loop
      vertex 4.75795 0 11.7976
      vertex 3.53547 0 12.6144
      vertex 4.66653 -0.928229 11.7976
    endloop
  endfacet
  facet normal 0.491591 -0.262762 0.830238
    outer loop
      vertex 3.26635 -1.35297 12.6144
      vertex 2.93964 -1.9642 12.6144
      vertex 4.39577 -1.82079 11.7976
    endloop
  endfacet
  facet normal 0.64368 -0.528259 0.553731
    outer loop
      vertex 4.82051 -3.22096 10.7579
      vertex 4.67709 -4.67709 9.53547
      vertex 5.49968 -3.67477 9.53547
    endloop
  endfacet
  facet normal 0.430886 -0.353614 0.830238
    outer loop
      vertex 3.95609 -2.64337 11.7976
      vertex 2.93964 -1.9642 12.6144
      vertex 3.36438 -3.36438 11.7976
    endloop
  endfacet
  facet normal 0.43582 -0.815364 0.381108
    outer loop
      vertex 3.98736 -5.9675 8.17713
      vertex 2.53122 -6.11092 9.53547
      vertex 2.74654 -6.63073 8.17713
    endloop
  endfacet
  facet normal 0.995184 0.0980197 0
    outer loop
      vertex 7.46389 0 6.73513
      vertex 7.32047 1.45613 5.26487
      vertex 7.32047 1.45613 6.73513
    endloop
  endfacet
  facet normal 0.995184 0.0980197 0
    outer loop
      vertex 7.32047 1.45613 5.26487
      vertex 7.46389 0 6.73513
      vertex 7.46389 0 5.26487
    endloop
  endfacet
  facet normal 0.634394 -0.77301 0
    outer loop
      vertex 4.14671 -6.20599 5.26487
      vertex 5.27776 -5.27776 6.73513
      vertex 4.14671 -6.20599 6.73513
    endloop
  endfacet
  facet normal 0.634394 -0.77301 0
    outer loop
      vertex 5.27776 -5.27776 6.73513
      vertex 4.14671 -6.20599 5.26487
      vertex 5.27776 -5.27776 5.26487
    endloop
  endfacet
  facet normal 0.865134 -0.462422 -0.194188
    outer loop
      vertex 6.89573 -2.85631 5.26487
      vertex 5.9675 -3.98736 3.82286
      vertex 6.63073 -2.74654 3.82286
    endloop
  endfacet
  facet normal 0.758294 -0.62232 -0.194185
    outer loop
      vertex 5.27776 -5.27776 5.26487
      vertex 5.07494 -5.07494 3.82286
      vertex 5.9675 -3.98736 3.82286
    endloop
  endfacet
  facet normal 0.43582 -0.815363 0.381109
    outer loop
      vertex 3.67477 -5.49968 9.53547
      vertex 2.53122 -6.11092 9.53547
      vertex 3.98736 -5.9675 8.17713
    endloop
  endfacet
  facet normal 0.195033 -0.0192077 0.980609
    outer loop
      vertex 2.17713 0 13.1771
      vertex 0.735128 0 13.4639
      vertex 2.1353 -0.424738 13.1771
    endloop
  endfacet
  facet normal 0.382445 -0.0376648 0.92321
    outer loop
      vertex 2.17713 0 13.1771
      vertex 2.1353 -0.424738 13.1771
      vertex 3.53547 0 12.6144
    endloop
  endfacet
  facet normal 0.554725 -0.0546331 0.830238
    outer loop
      vertex 3.53547 0 12.6144
      vertex 3.46754 -0.689736 12.6144
      vertex 4.66653 -0.928229 11.7976
    endloop
  endfacet
  facet normal 0.554724 0.054634 0.830239
    outer loop
      vertex 4.66653 0.928229 11.7976
      vertex 3.53547 0 12.6144
      vertex 4.75795 0 11.7976
    endloop
  endfacet
  facet normal -0.161808 0.533408 0.830238
    outer loop
      vertex -0.689736 3.46754 12.6144
      vertex -1.82079 4.39577 11.7976
      vertex -1.35297 3.26635 12.6144
    endloop
  endfacet
  facet normal 0.625136 0.334143 0.705375
    outer loop
      vertex 4.82051 3.22096 10.7579
      vertex 3.95609 2.64337 11.7976
      vertex 4.39577 1.82079 11.7976
    endloop
  endfacet
  facet normal -0.678313 0.205766 0.705374
    outer loop
      vertex -5.35626 2.21864 10.7579
      vertex -5.68618 1.13105 10.7579
      vertex -4.39577 1.82079 11.7976
    endloop
  endfacet
  facet normal -0.554725 0.0546331 0.830238
    outer loop
      vertex -3.46754 0.689736 12.6144
      vertex -4.66653 0.928229 11.7976
      vertex -3.53547 0 12.6144
    endloop
  endfacet
  facet normal -0.430886 0.353614 0.830238
    outer loop
      vertex -3.36438 3.36438 11.7976
      vertex -3.95609 2.64337 11.7976
      vertex -2.93964 1.9642 12.6144
    endloop
  endfacet
  facet normal -0.334142 0.625138 0.705374
    outer loop
      vertex -2.21864 5.35626 10.7579
      vertex -3.22096 4.82051 10.7579
      vertex -1.82079 4.39577 11.7976
    endloop
  endfacet
  facet normal -0.0376648 0.382445 0.92321
    outer loop
      vertex 0 3.53547 12.6144
      vertex -0.424738 2.1353 13.1771
      vertex 0 2.17713 13.1771
    endloop
  endfacet
  facet normal 0.338918 0.181156 0.92321
    outer loop
      vertex 2.93964 1.9642 12.6144
      vertex 2.01141 0.833153 13.1771
      vertex 3.26635 1.35297 12.6144
    endloop
  endfacet
  facet normal -0.88472 -0.268379 -0.381108
    outer loop
      vertex -6.63073 -2.74654 3.82286
      vertex -7.03915 -1.40017 3.82286
      vertex -6.11092 -2.53122 2.46452
    endloop
  endfacet
  facet normal -0.449661 -0.547921 -0.705399
    outer loop
      vertex -3.22096 -4.82051 1.24205
      vertex -3.36438 -3.36438 0.202421
      vertex -2.64337 -3.95609 0.202421
    endloop
  endfacet
  facet normal -0.625115 -0.334132 -0.705399
    outer loop
      vertex -3.95609 -2.64337 0.202421
      vertex -4.82051 -3.22096 1.24205
      vertex -4.39577 -1.82079 0.202421
    endloop
  endfacet
  facet normal -0.430875 -0.353632 -0.830236
    outer loop
      vertex -3.15016 -3.15016 0
      vertex -3.36438 -3.36438 0.202421
      vertex -3.25912 -3.0174 0
    endloop
  endfacet
  facet normal -0.284759 -0.938725 -0.194185
    outer loop
      vertex -1.45613 -7.32047 5.26487
      vertex -2.85631 -6.89573 5.26487
      vertex -1.40017 -7.03915 3.82286
    endloop
  endfacet
  facet normal -0.796838 -0.241721 0.553733
    outer loop
      vertex -5.68618 -1.13105 10.7579
      vertex -6.48732 -1.29041 9.53547
      vertex -6.11092 -2.53122 9.53547
    endloop
  endfacet
  facet normal -0.4714 -0.881919 0
    outer loop
      vertex -4.14671 -6.20599 5.26487
      vertex -2.85631 -6.89573 6.73513
      vertex -4.14671 -6.20599 6.73513
    endloop
  endfacet
  facet normal -0.4714 -0.881919 -0
    outer loop
      vertex -2.85631 -6.89573 6.73513
      vertex -4.14671 -6.20599 5.26487
      vertex -2.85631 -6.89573 5.26487
    endloop
  endfacet
  facet normal -0.462422 -0.865134 -0.194188
    outer loop
      vertex -2.85631 -6.89573 5.26487
      vertex -3.98736 -5.9675 3.82286
      vertex -2.74654 -6.63073 3.82286
    endloop
  endfacet
  facet normal -0.284761 -0.938724 -0.194187
    outer loop
      vertex -1.40017 -7.03915 3.82286
      vertex -2.85631 -6.89573 5.26487
      vertex -2.74654 -6.63073 3.82286
    endloop
  endfacet
  facet normal -0.268379 -0.88472 -0.381108
    outer loop
      vertex -1.40017 -7.03915 3.82286
      vertex -2.74654 -6.63073 3.82286
      vertex -2.53122 -6.11092 2.46452
    endloop
  endfacet
  facet normal 0.0906168 -0.920079 -0.381107
    outer loop
      vertex 1.40017 -7.03915 3.82286
      vertex 0 -7.17705 3.82286
      vertex 0 -6.61441 2.46452
    endloop
  endfacet
  facet normal -0.205761 -0.67829 -0.705397
    outer loop
      vertex -1.13105 -5.68618 1.24205
      vertex -1.82079 -4.39577 0.202421
      vertex -0.928229 -4.66653 0.202421
    endloop
  endfacet
  facet normal 0.262762 -0.491591 0.830238
    outer loop
      vertex 1.9642 -2.93964 12.6144
      vertex 1.35297 -3.26635 12.6144
      vertex 1.82079 -4.39577 11.7976
    endloop
  endfacet
  facet normal -0.367749 0.111554 0.92321
    outer loop
      vertex -2.01141 0.833153 13.1771
      vertex -3.26635 1.35297 12.6144
      vertex -2.1353 0.424738 13.1771
    endloop
  endfacet
  facet normal -0.0192088 -0.195033 0.980609
    outer loop
      vertex -0.143416 -0.721003 13.4639
      vertex -0.424738 -2.1353 13.1771
      vertex 0 -0.735128 13.4639
    endloop
  endfacet
  facet normal 0.39253 -0.734372 0.553731
    outer loop
      vertex 3.22096 -4.82051 10.7579
      vertex 2.53122 -6.11092 9.53547
      vertex 3.67477 -5.49968 9.53547
    endloop
  endfacet
  facet normal 0.181156 -0.338918 0.92321
    outer loop
      vertex 1.9642 -2.93964 12.6144
      vertex 0.833153 -2.01141 13.1771
      vertex 1.35297 -3.26635 12.6144
    endloop
  endfacet
  facet normal 0.111555 -0.367748 0.92321
    outer loop
      vertex 1.35297 -3.26635 12.6144
      vertex 0.424738 -2.1353 13.1771
      vertex 0.689736 -3.46754 12.6144
    endloop
  endfacet
  facet normal 0.0906168 -0.920079 0.381107
    outer loop
      vertex 0 -6.61441 9.53547
      vertex 0 -7.17705 8.17713
      vertex 1.40017 -7.03915 8.17713
    endloop
  endfacet
  facet normal 0.0906168 -0.920079 0.381107
    outer loop
      vertex 1.29041 -6.48732 9.53547
      vertex 0 -6.61441 9.53547
      vertex 1.40017 -7.03915 8.17713
    endloop
  endfacet
  facet normal -0.268379 -0.88472 0.381108
    outer loop
      vertex -2.53122 -6.11092 9.53547
      vertex -2.74654 -6.63073 8.17713
      vertex -1.40017 -7.03915 8.17713
    endloop
  endfacet
  facet normal 0.26838 -0.88472 -0.381107
    outer loop
      vertex 1.40017 -7.03915 3.82286
      vertex 1.29041 -6.48732 2.46452
      vertex 2.53122 -6.11092 2.46452
    endloop
  endfacet
  facet normal 0.0980197 -0.995184 0
    outer loop
      vertex 0 -7.46389 5.26487
      vertex 1.45613 -7.32047 6.73513
      vertex 0 -7.46389 6.73513
    endloop
  endfacet
  facet normal 0.0980197 -0.995184 0
    outer loop
      vertex 1.45613 -7.32047 6.73513
      vertex 0 -7.46389 5.26487
      vertex 1.45613 -7.32047 5.26487
    endloop
  endfacet
  facet normal 0.462427 -0.865132 -0.194183
    outer loop
      vertex 4.14671 -6.20599 5.26487
      vertex 2.85631 -6.89573 5.26487
      vertex 3.98736 -5.9675 3.82286
    endloop
  endfacet
  facet normal 0.622318 -0.758296 -0.194182
    outer loop
      vertex 4.14671 -6.20599 5.26487
      vertex 3.98736 -5.9675 3.82286
      vertex 5.27776 -5.27776 5.26487
    endloop
  endfacet
  facet normal 0.43582 0.815364 -0.381108
    outer loop
      vertex 3.98736 5.9675 3.82286
      vertex 2.53122 6.11092 2.46452
      vertex 2.74654 6.63073 3.82286
    endloop
  endfacet
  facet normal 0.758294 0.62232 -0.194185
    outer loop
      vertex 5.9675 3.98736 3.82286
      vertex 5.07494 5.07494 3.82286
      vertex 5.27776 5.27776 5.26487
    endloop
  endfacet
  facet normal 0.0980197 0.995184 -0
    outer loop
      vertex 1.45613 7.32047 5.26487
      vertex 0 7.46389 6.73513
      vertex 1.45613 7.32047 6.73513
    endloop
  endfacet
  facet normal 0.0980197 0.995184 0
    outer loop
      vertex 0 7.46389 6.73513
      vertex 1.45613 7.32047 5.26487
      vertex 0 7.46389 5.26487
    endloop
  endfacet
  facet normal -0.0961537 0.97624 0.194192
    outer loop
      vertex 0 7.46389 6.73513
      vertex -1.45613 7.32047 6.73513
      vertex 0 7.17705 8.17713
    endloop
  endfacet
  facet normal -0.241721 0.796838 0.553732
    outer loop
      vertex -1.13105 5.68618 10.7579
      vertex -2.53122 6.11092 9.53547
      vertex -2.21864 5.35626 10.7579
    endloop
  endfacet
  facet normal -0.0906168 0.920079 0.381107
    outer loop
      vertex 0 6.61441 9.53547
      vertex -1.40017 7.03915 8.17713
      vertex -1.29041 6.48732 9.53547
    endloop
  endfacet
  facet normal 0.0961537 0.97624 0.194192
    outer loop
      vertex 0 7.46389 6.73513
      vertex 0 7.17705 8.17713
      vertex 1.45613 7.32047 6.73513
    endloop
  endfacet
  facet normal 0.0961481 0.976241 0.194186
    outer loop
      vertex 1.45613 7.32047 6.73513
      vertex 0 7.17705 8.17713
      vertex 1.40017 7.03915 8.17713
    endloop
  endfacet
  facet normal -0.430898 0.35363 -0.830224
    outer loop
      vertex -3.95609 2.64337 0.202421
      vertex -3.25912 3.0174 0
      vertex -3.7042 2.47507 0
    endloop
  endfacet
  facet normal -0.430895 0.353622 -0.830229
    outer loop
      vertex -3.25912 3.0174 0
      vertex -3.95609 2.64337 0.202421
      vertex -3.36438 3.36438 0.202421
    endloop
  endfacet
  facet normal -0.462427 0.865132 -0.194183
    outer loop
      vertex -3.98736 5.9675 3.82286
      vertex -4.14671 6.20599 5.26487
      vertex -2.85631 6.89573 5.26487
    endloop
  endfacet
  facet normal 0.920079 -0.0906168 0.381107
    outer loop
      vertex 7.17705 0 8.17713
      vertex 6.61441 0 9.53547
      vertex 7.03915 -1.40017 8.17713
    endloop
  endfacet
  facet normal 0.938724 0.284761 0.194189
    outer loop
      vertex 6.89573 2.85631 6.73513
      vertex 6.63073 2.74654 8.17713
      vertex 7.03915 1.40017 8.17713
    endloop
  endfacet
  facet normal 0.758294 0.62232 0.194186
    outer loop
      vertex 5.27776 5.27776 6.73513
      vertex 5.07494 5.07494 8.17713
      vertex 5.9675 3.98736 8.17713
    endloop
  endfacet
  facet normal 0.77301 0.634394 0
    outer loop
      vertex 6.20599 4.14671 6.73513
      vertex 5.27776 5.27776 5.26487
      vertex 5.27776 5.27776 6.73513
    endloop
  endfacet
  facet normal 0.77301 0.634394 0
    outer loop
      vertex 5.27776 5.27776 5.26487
      vertex 6.20599 4.14671 6.73513
      vertex 6.20599 4.14671 5.26487
    endloop
  endfacet
  facet normal -0.161811 0.533414 -0.830233
    outer loop
      vertex -1.5405 4.16574 0
      vertex -0.928229 4.66653 0.202421
      vertex -0.869128 4.3694 0
    endloop
  endfacet
  facet normal -0.161813 0.533416 -0.830231
    outer loop
      vertex -0.928229 4.66653 0.202421
      vertex -1.5405 4.16574 0
      vertex -1.82079 4.39577 0.202421
    endloop
  endfacet
  facet normal 0.241723 0.796846 -0.55372
    outer loop
      vertex 2.21864 5.35626 1.24205
      vertex 1.13105 5.68618 1.24205
      vertex 2.53122 6.11092 2.46452
    endloop
  endfacet
  facet normal 0.334131 0.625116 -0.705398
    outer loop
      vertex 3.22096 4.82051 1.24205
      vertex 1.82079 4.39577 0.202421
      vertex 2.21864 5.35626 1.24205
    endloop
  endfacet
  facet normal 0.828694 -0.0816164 -0.55372
    outer loop
      vertex 6.48732 -1.29041 2.46452
      vertex 5.68618 -1.13105 1.24205
      vertex 6.61441 0 2.46452
    endloop
  endfacet
  facet normal 0.97624 0.0961537 -0.194191
    outer loop
      vertex 7.46389 0 5.26487
      vertex 7.17705 0 3.82286
      vertex 7.32047 1.45613 5.26487
    endloop
  endfacet
  facet normal 0.920079 -0.0906168 -0.381107
    outer loop
      vertex 7.03915 -1.40017 3.82286
      vertex 6.48732 -1.29041 2.46452
      vertex 6.61441 0 2.46452
    endloop
  endfacet
  facet normal 0.95694 0.290285 0
    outer loop
      vertex 7.32047 1.45613 6.73513
      vertex 6.89573 2.85631 5.26487
      vertex 6.89573 2.85631 6.73513
    endloop
  endfacet
  facet normal 0.95694 0.290285 0
    outer loop
      vertex 6.89573 2.85631 5.26487
      vertex 7.32047 1.45613 6.73513
      vertex 7.32047 1.45613 5.26487
    endloop
  endfacet
  facet normal 0.88472 0.268379 -0.381108
    outer loop
      vertex 7.03915 1.40017 3.82286
      vertex 6.11092 2.53122 2.46452
      vertex 6.63073 2.74654 3.82286
    endloop
  endfacet
  facet normal 0.625116 0.334131 -0.705398
    outer loop
      vertex 5.35626 2.21864 1.24205
      vertex 4.39577 1.82079 0.202421
      vertex 4.82051 3.22096 1.24205
    endloop
  endfacet
  facet normal -0.796838 -0.241721 0.553732
    outer loop
      vertex -5.68618 -1.13105 10.7579
      vertex -6.11092 -2.53122 9.53547
      vertex -5.35626 -2.21864 10.7579
    endloop
  endfacet
  facet normal -0.828685 -0.0816156 0.553732
    outer loop
      vertex -5.68618 -1.13105 10.7579
      vertex -6.61441 0 9.53547
      vertex -6.48732 -1.29041 9.53547
    endloop
  endfacet
  facet normal -0.678313 -0.205768 0.705373
    outer loop
      vertex -4.66653 -0.928229 11.7976
      vertex -5.68618 -1.13105 10.7579
      vertex -4.39577 -1.82079 11.7976
    endloop
  endfacet
  facet normal -0.243793 0.297067 0.92321
    outer loop
      vertex -1.9642 2.93964 12.6144
      vertex -2.49996 2.49996 12.6144
      vertex -1.53947 1.53947 13.1771
    endloop
  endfacet
  facet normal -0.586519 0.714669 0.381109
    outer loop
      vertex -3.98736 5.9675 8.17713
      vertex -4.67709 4.67709 9.53547
      vertex -3.67477 5.49968 9.53547
    endloop
  endfacet
  facet normal -0.0906168 0.920079 -0.381107
    outer loop
      vertex -1.29041 6.48732 2.46452
      vertex -1.40017 7.03915 3.82286
      vertex 0 6.61441 2.46452
    endloop
  endfacet
  facet normal 0.0906168 0.920079 -0.381107
    outer loop
      vertex 1.29041 6.48732 2.46452
      vertex 0 6.61441 2.46452
      vertex 1.40017 7.03915 3.82286
    endloop
  endfacet
  facet normal -0.815363 0.43582 -0.381109
    outer loop
      vertex -5.49968 3.67477 2.46452
      vertex -6.11092 2.53122 2.46452
      vertex -5.9675 3.98736 3.82286
    endloop
  endfacet
  facet normal -0.714669 0.586518 -0.38111
    outer loop
      vertex -4.67709 4.67709 2.46452
      vertex -5.9675 3.98736 3.82286
      vertex -5.07494 5.07494 3.82286
    endloop
  endfacet
  facet normal -0.815364 0.43582 0.381108
    outer loop
      vertex -5.9675 3.98736 8.17713
      vertex -6.63073 2.74654 8.17713
      vertex -6.11092 2.53122 9.53547
    endloop
  endfacet
  facet normal -0.334131 0.625116 -0.705398
    outer loop
      vertex -1.82079 4.39577 0.202421
      vertex -3.22096 4.82051 1.24205
      vertex -2.21864 5.35626 1.24205
    endloop
  endfacet
  facet normal -0.714669 0.586519 -0.381109
    outer loop
      vertex -5.49968 3.67477 2.46452
      vertex -5.9675 3.98736 3.82286
      vertex -4.67709 4.67709 2.46452
    endloop
  endfacet
  facet normal -0.0961481 0.976241 0.194186
    outer loop
      vertex 0 7.17705 8.17713
      vertex -1.45613 7.32047 6.73513
      vertex -1.40017 7.03915 8.17713
    endloop
  endfacet
  facet normal -0.758296 0.622318 -0.194182
    outer loop
      vertex -5.9675 3.98736 3.82286
      vertex -6.20599 4.14671 5.26487
      vertex -5.27776 5.27776 5.26487
    endloop
  endfacet
  facet normal -0.938725 0.284759 0.194187
    outer loop
      vertex -6.89573 2.85631 6.73513
      vertex -7.32047 1.45613 6.73513
      vertex -7.03915 1.40017 8.17713
    endloop
  endfacet
  facet normal -0.865134 0.462422 0.194189
    outer loop
      vertex -5.9675 3.98736 8.17713
      vertex -6.89573 2.85631 6.73513
      vertex -6.63073 2.74654 8.17713
    endloop
  endfacet
  facet normal -0.449677 0.547939 0.705374
    outer loop
      vertex -3.22096 4.82051 10.7579
      vertex -4.09951 4.09951 10.7579
      vertex -3.36438 3.36438 11.7976
    endloop
  endfacet
  facet normal -0.865132 0.462427 0.194184
    outer loop
      vertex -6.20599 4.14671 6.73513
      vertex -6.89573 2.85631 6.73513
      vertex -5.9675 3.98736 8.17713
    endloop
  endfacet
  facet normal -0.67829 -0.205759 -0.705398
    outer loop
      vertex -5.35626 -2.21864 1.24205
      vertex -5.68618 -1.13105 1.24205
      vertex -4.39577 -1.82079 0.202421
    endloop
  endfacet
  facet normal -0.547921 -0.449661 -0.705399
    outer loop
      vertex -3.36438 -3.36438 0.202421
      vertex -4.82051 -3.22096 1.24205
      vertex -3.95609 -2.64337 0.202421
    endloop
  endfacet
  facet normal 0.705422 0.069476 0.705374
    outer loop
      vertex 5.79758 0 10.7579
      vertex 4.66653 0.928229 11.7976
      vertex 4.75795 0 11.7976
    endloop
  endfacet
  facet normal 0.976241 0.0961481 0.194186
    outer loop
      vertex 7.32047 1.45613 6.73513
      vertex 7.03915 1.40017 8.17713
      vertex 7.17705 0 8.17713
    endloop
  endfacet
  facet normal 0.938724 -0.284761 0.194189
    outer loop
      vertex 7.03915 -1.40017 8.17713
      vertex 6.63073 -2.74654 8.17713
      vertex 6.89573 -2.85631 6.73513
    endloop
  endfacet
  facet normal 0.881919 -0.4714 0
    outer loop
      vertex 6.20599 -4.14671 6.73513
      vertex 6.89573 -2.85631 5.26487
      vertex 6.89573 -2.85631 6.73513
    endloop
  endfacet
  facet normal 0.881919 -0.4714 0
    outer loop
      vertex 6.89573 -2.85631 5.26487
      vertex 6.20599 -4.14671 6.73513
      vertex 6.20599 -4.14671 5.26487
    endloop
  endfacet
  facet normal 0.920079 0.0906168 0.381107
    outer loop
      vertex 7.03915 1.40017 8.17713
      vertex 6.61441 0 9.53547
      vertex 7.17705 0 8.17713
    endloop
  endfacet
  facet normal 0.828685 0.0816156 0.553732
    outer loop
      vertex 6.48732 1.29041 9.53547
      vertex 5.68618 1.13105 10.7579
      vertex 6.61441 0 9.53547
    endloop
  endfacet
  facet normal 0.734372 0.392529 0.553731
    outer loop
      vertex 6.11092 2.53122 9.53547
      vertex 4.82051 3.22096 10.7579
      vertex 5.35626 2.21864 10.7579
    endloop
  endfacet
  facet normal 0.678313 0.205766 0.705374
    outer loop
      vertex 5.35626 2.21864 10.7579
      vertex 4.39577 1.82079 11.7976
      vertex 5.68618 1.13105 10.7579
    endloop
  endfacet
  facet normal 0.243793 -0.297067 0.92321
    outer loop
      vertex 2.49996 -2.49996 12.6144
      vertex 1.53947 -1.53947 13.1771
      vertex 1.9642 -2.93964 12.6144
    endloop
  endfacet
  facet normal 0.161808 -0.533408 0.830238
    outer loop
      vertex 1.35297 -3.26635 12.6144
      vertex 0.689736 -3.46754 12.6144
      vertex 1.82079 -4.39577 11.7976
    endloop
  endfacet
  facet normal 0.586518 -0.714669 0.38111
    outer loop
      vertex 4.67709 -4.67709 9.53547
      vertex 3.98736 -5.9675 8.17713
      vertex 5.07494 -5.07494 8.17713
    endloop
  endfacet
  facet normal 0.678313 -0.205768 0.705373
    outer loop
      vertex 4.66653 -0.928229 11.7976
      vertex 4.39577 -1.82079 11.7976
      vertex 5.68618 -1.13105 10.7579
    endloop
  endfacet
  facet normal 0.241723 -0.796846 -0.55372
    outer loop
      vertex 1.29041 -6.48732 2.46452
      vertex 1.13105 -5.68618 1.24205
      vertex 2.53122 -6.11092 2.46452
    endloop
  endfacet
  facet normal 0.0816164 -0.828694 -0.55372
    outer loop
      vertex 1.29041 -6.48732 2.46452
      vertex 0 -6.61441 2.46452
      vertex 1.13105 -5.68618 1.24205
    endloop
  endfacet
  facet normal 0.758296 -0.622318 -0.194182
    outer loop
      vertex 6.20599 -4.14671 5.26487
      vertex 5.27776 -5.27776 5.26487
      vertex 5.9675 -3.98736 3.82286
    endloop
  endfacet
  facet normal 0.449662 -0.54792 -0.705399
    outer loop
      vertex 4.09951 -4.09951 1.24205
      vertex 3.22096 -4.82051 1.24205
      vertex 3.36438 -3.36438 0.202421
    endloop
  endfacet
  facet normal 0.643694 -0.528261 -0.553713
    outer loop
      vertex 4.67709 -4.67709 2.46452
      vertex 4.09951 -4.09951 1.24205
      vertex 4.82051 -3.22096 1.24205
    endloop
  endfacet
  facet normal 0.714669 -0.586519 -0.381109
    outer loop
      vertex 5.9675 -3.98736 3.82286
      vertex 4.67709 -4.67709 2.46452
      vertex 5.49968 -3.67477 2.46452
    endloop
  endfacet
  facet normal 0.622318 -0.758296 0.194183
    outer loop
      vertex 5.27776 -5.27776 6.73513
      vertex 3.98736 -5.9675 8.17713
      vertex 4.14671 -6.20599 6.73513
    endloop
  endfacet
  facet normal 0.462427 -0.865132 0.194184
    outer loop
      vertex 3.98736 -5.9675 8.17713
      vertex 2.85631 -6.89573 6.73513
      vertex 4.14671 -6.20599 6.73513
    endloop
  endfacet
  facet normal 0.815364 -0.43582 -0.381108
    outer loop
      vertex 6.63073 -2.74654 3.82286
      vertex 5.9675 -3.98736 3.82286
      vertex 6.11092 -2.53122 2.46452
    endloop
  endfacet
  facet normal 0.533408 0.161808 0.830238
    outer loop
      vertex 4.39577 1.82079 11.7976
      vertex 3.26635 1.35297 12.6144
      vertex 3.46754 0.689736 12.6144
    endloop
  endfacet
  facet normal 0.367748 0.111555 0.92321
    outer loop
      vertex 3.26635 1.35297 12.6144
      vertex 2.1353 0.424738 13.1771
      vertex 3.46754 0.689736 12.6144
    endloop
  endfacet
  facet normal 0.382445 0.0376648 0.92321
    outer loop
      vertex 3.53547 0 12.6144
      vertex 2.1353 0.424738 13.1771
      vertex 2.17713 0 13.1771
    endloop
  endfacet
  facet normal 0.195033 0.0192077 0.980609
    outer loop
      vertex 2.1353 0.424738 13.1771
      vertex 0.735128 0 13.4639
      vertex 2.17713 0 13.1771
    endloop
  endfacet
  facet normal 0.382445 -0.0376659 0.92321
    outer loop
      vertex 3.53547 0 12.6144
      vertex 2.1353 -0.424738 13.1771
      vertex 3.46754 -0.689736 12.6144
    endloop
  endfacet
  facet normal 0.367748 -0.111555 0.92321
    outer loop
      vertex 3.46754 -0.689736 12.6144
      vertex 2.1353 -0.424738 13.1771
      vertex 3.26635 -1.35297 12.6144
    endloop
  endfacet
  facet normal 0.705422 -0.069476 0.705374
    outer loop
      vertex 4.75795 0 11.7976
      vertex 4.66653 -0.928229 11.7976
      vertex 5.79758 0 10.7579
    endloop
  endfacet
  facet normal 0.828687 -0.0816195 0.55373
    outer loop
      vertex 5.79758 0 10.7579
      vertex 5.68618 -1.13105 10.7579
      vertex 6.61441 0 9.53547
    endloop
  endfacet
  facet normal 0.528259 0.64368 0.553731
    outer loop
      vertex 3.67477 5.49968 9.53547
      vertex 3.22096 4.82051 10.7579
      vertex 4.67709 4.67709 9.53547
    endloop
  endfacet
  facet normal 0.449677 0.547939 0.705374
    outer loop
      vertex 4.09951 4.09951 10.7579
      vertex 3.22096 4.82051 10.7579
      vertex 3.36438 3.36438 11.7976
    endloop
  endfacet
  facet normal 0.430886 0.353614 0.830238
    outer loop
      vertex 3.36438 3.36438 11.7976
      vertex 2.93964 1.9642 12.6144
      vertex 3.95609 2.64337 11.7976
    endloop
  endfacet
  facet normal -0.0906168 0.920079 0.381107
    outer loop
      vertex 0 7.17705 8.17713
      vertex -1.40017 7.03915 8.17713
      vertex 0 6.61441 9.53547
    endloop
  endfacet
  facet normal -0.382445 -0.0376659 0.92321
    outer loop
      vertex -2.1353 -0.424738 13.1771
      vertex -3.53547 0 12.6144
      vertex -3.46754 -0.689736 12.6144
    endloop
  endfacet
  facet normal -0.554725 -0.0546331 0.830238
    outer loop
      vertex -3.53547 0 12.6144
      vertex -4.66653 -0.928229 11.7976
      vertex -3.46754 -0.689736 12.6144
    endloop
  endfacet
  facet normal -0.367748 0.111555 0.92321
    outer loop
      vertex -3.26635 1.35297 12.6144
      vertex -3.46754 0.689736 12.6144
      vertex -2.1353 0.424738 13.1771
    endloop
  endfacet
  facet normal 0.0568884 -0.187538 0.980609
    outer loop
      vertex 0.833153 -2.01141 13.1771
      vertex 0.281321 -0.67917 13.4639
      vertex 0.424738 -2.1353 13.1771
    endloop
  endfacet
  facet normal -0.920079 0.0906168 0.381107
    outer loop
      vertex -7.03915 1.40017 8.17713
      vertex -7.17705 0 8.17713
      vertex -6.61441 0 9.53547
    endloop
  endfacet
  facet normal -0.705422 0.069476 0.705374
    outer loop
      vertex -4.66653 0.928229 11.7976
      vertex -5.79758 0 10.7579
      vertex -4.75795 0 11.7976
    endloop
  endfacet
  facet normal -0.241721 0.796838 0.553733
    outer loop
      vertex -1.29041 6.48732 9.53547
      vertex -2.53122 6.11092 9.53547
      vertex -1.13105 5.68618 10.7579
    endloop
  endfacet
  facet normal -0.0546331 0.554725 0.830238
    outer loop
      vertex 0 3.53547 12.6144
      vertex -0.928229 4.66653 11.7976
      vertex -0.689736 3.46754 12.6144
    endloop
  endfacet
  facet normal 0 0 1
    outer loop
      vertex 0.721003 0.143416 13.4639
      vertex 0.721003 -0.143416 13.4639
      vertex 0.735128 0 13.4639
    endloop
  endfacet
  facet normal 0 0 1
    outer loop
      vertex 0.67917 0.281321 13.4639
      vertex 0.721003 -0.143416 13.4639
      vertex 0.721003 0.143416 13.4639
    endloop
  endfacet
  facet normal 0 0 1
    outer loop
      vertex 0.67917 0.281321 13.4639
      vertex 0.67917 -0.281321 13.4639
      vertex 0.721003 -0.143416 13.4639
    endloop
  endfacet
  facet normal 0 0 1
    outer loop
      vertex 0.611237 0.408415 13.4639
      vertex 0.67917 -0.281321 13.4639
      vertex 0.67917 0.281321 13.4639
    endloop
  endfacet
  facet normal 0 0 1
    outer loop
      vertex 0.611237 0.408415 13.4639
      vertex 0.611237 -0.408415 13.4639
      vertex 0.67917 -0.281321 13.4639
    endloop
  endfacet
  facet normal 0 0 1
    outer loop
      vertex 0.519814 0.519814 13.4639
      vertex 0.611237 -0.408415 13.4639
      vertex 0.611237 0.408415 13.4639
    endloop
  endfacet
  facet normal 0 0 1
    outer loop
      vertex 0.519814 0.519814 13.4639
      vertex 0.519814 -0.519814 13.4639
      vertex 0.611237 -0.408415 13.4639
    endloop
  endfacet
  facet normal 0 0 1
    outer loop
      vertex 0.408415 0.611237 13.4639
      vertex 0.519814 -0.519814 13.4639
      vertex 0.519814 0.519814 13.4639
    endloop
  endfacet
  facet normal 0 0 1
    outer loop
      vertex 0.408415 0.611237 13.4639
      vertex 0.408415 -0.611237 13.4639
      vertex 0.519814 -0.519814 13.4639
    endloop
  endfacet
  facet normal 0 0 1
    outer loop
      vertex 0.281321 0.67917 13.4639
      vertex 0.408415 -0.611237 13.4639
      vertex 0.408415 0.611237 13.4639
    endloop
  endfacet
  facet normal 0 0 1
    outer loop
      vertex 0.281321 0.67917 13.4639
      vertex 0.281321 -0.67917 13.4639
      vertex 0.408415 -0.611237 13.4639
    endloop
  endfacet
  facet normal 0 0 1
    outer loop
      vertex 0.143416 0.721003 13.4639
      vertex 0.281321 -0.67917 13.4639
      vertex 0.281321 0.67917 13.4639
    endloop
  endfacet
  facet normal 0 0 1
    outer loop
      vertex 0.143416 0.721003 13.4639
      vertex 0.143416 -0.721003 13.4639
      vertex 0.281321 -0.67917 13.4639
    endloop
  endfacet
  facet normal 0 0 1
    outer loop
      vertex 0 0.735128 13.4639
      vertex 0.143416 -0.721003 13.4639
      vertex 0.143416 0.721003 13.4639
    endloop
  endfacet
  facet normal 0 0 1
    outer loop
      vertex 0 0.735128 13.4639
      vertex 0 -0.735128 13.4639
      vertex 0.143416 -0.721003 13.4639
    endloop
  endfacet
  facet normal -0 0 1
    outer loop
      vertex -0.143416 0.721003 13.4639
      vertex 0 -0.735128 13.4639
      vertex 0 0.735128 13.4639
    endloop
  endfacet
  facet normal 0 0 1
    outer loop
      vertex -0.143416 0.721003 13.4639
      vertex -0.143416 -0.721003 13.4639
      vertex 0 -0.735128 13.4639
    endloop
  endfacet
  facet normal -0 0 1
    outer loop
      vertex -0.281321 0.67917 13.4639
      vertex -0.143416 -0.721003 13.4639
      vertex -0.143416 0.721003 13.4639
    endloop
  endfacet
  facet normal 0 0 1
    outer loop
      vertex -0.281321 0.67917 13.4639
      vertex -0.281321 -0.67917 13.4639
      vertex -0.143416 -0.721003 13.4639
    endloop
  endfacet
  facet normal -0 0 1
    outer loop
      vertex -0.408415 0.611237 13.4639
      vertex -0.281321 -0.67917 13.4639
      vertex -0.281321 0.67917 13.4639
    endloop
  endfacet
  facet normal 0 0 1
    outer loop
      vertex -0.408415 0.611237 13.4639
      vertex -0.408415 -0.611237 13.4639
      vertex -0.281321 -0.67917 13.4639
    endloop
  endfacet
  facet normal -0 0 1
    outer loop
      vertex -0.519814 0.519814 13.4639
      vertex -0.408415 -0.611237 13.4639
      vertex -0.408415 0.611237 13.4639
    endloop
  endfacet
  facet normal 0 0 1
    outer loop
      vertex -0.519814 0.519814 13.4639
      vertex -0.519814 -0.519814 13.4639
      vertex -0.408415 -0.611237 13.4639
    endloop
  endfacet
  facet normal -0 0 1
    outer loop
      vertex -0.611237 0.408415 13.4639
      vertex -0.519814 -0.519814 13.4639
      vertex -0.519814 0.519814 13.4639
    endloop
  endfacet
  facet normal 0 0 1
    outer loop
      vertex -0.611237 0.408415 13.4639
      vertex -0.611237 -0.408415 13.4639
      vertex -0.519814 -0.519814 13.4639
    endloop
  endfacet
  facet normal -0 0 1
    outer loop
      vertex -0.67917 0.281321 13.4639
      vertex -0.611237 -0.408415 13.4639
      vertex -0.611237 0.408415 13.4639
    endloop
  endfacet
  facet normal 0 0 1
    outer loop
      vertex -0.67917 0.281321 13.4639
      vertex -0.67917 -0.281321 13.4639
      vertex -0.611237 -0.408415 13.4639
    endloop
  endfacet
  facet normal -0 0 1
    outer loop
      vertex -0.721003 0.143416 13.4639
      vertex -0.67917 -0.281321 13.4639
      vertex -0.67917 0.281321 13.4639
    endloop
  endfacet
  facet normal 0 0 1
    outer loop
      vertex -0.721003 0.143416 13.4639
      vertex -0.721003 -0.143416 13.4639
      vertex -0.67917 -0.281321 13.4639
    endloop
  endfacet
  facet normal 0 -0 1
    outer loop
      vertex -0.721003 -0.143416 13.4639
      vertex -0.721003 0.143416 13.4639
      vertex -0.735128 0 13.4639
    endloop
  endfacet
  facet normal -0.195033 -0.0192077 0.980609
    outer loop
      vertex -0.735128 0 13.4639
      vertex -2.17713 0 13.1771
      vertex -2.1353 -0.424738 13.1771
    endloop
  endfacet
  facet normal 0.0546331 -0.554725 0.830238
    outer loop
      vertex 0.689736 -3.46754 12.6144
      vertex 0 -3.53547 12.6144
      vertex 0.928229 -4.66653 11.7976
    endloop
  endfacet
  facet normal -0.262762 0.491591 0.830238
    outer loop
      vertex -1.82079 4.39577 11.7976
      vertex -1.9642 2.93964 12.6144
      vertex -1.35297 3.26635 12.6144
    endloop
  endfacet
  facet normal -0.88472 -0.26838 -0.381107
    outer loop
      vertex -6.11092 -2.53122 2.46452
      vertex -7.03915 -1.40017 3.82286
      vertex -6.48732 -1.29041 2.46452
    endloop
  endfacet
  facet normal -0.622318 -0.758296 -0.194182
    outer loop
      vertex -4.14671 -6.20599 5.26487
      vertex -5.27776 -5.27776 5.26487
      vertex -3.98736 -5.9675 3.82286
    endloop
  endfacet
  facet normal -0.88472 0.268379 -0.381108
    outer loop
      vertex -6.11092 2.53122 2.46452
      vertex -7.03915 1.40017 3.82286
      vertex -6.63073 2.74654 3.82286
    endloop
  endfacet
  facet normal -0.796846 0.241723 -0.55372
    outer loop
      vertex -5.68618 1.13105 1.24205
      vertex -6.11092 2.53122 2.46452
      vertex -5.35626 2.21864 1.24205
    endloop
  endfacet
  facet normal -0.714669 -0.586519 -0.381109
    outer loop
      vertex -4.67709 -4.67709 2.46452
      vertex -5.9675 -3.98736 3.82286
      vertex -5.49968 -3.67477 2.46452
    endloop
  endfacet
  facet normal -0.97624 -0.0961537 -0.194191
    outer loop
      vertex -7.32047 -1.45613 5.26487
      vertex -7.46389 0 5.26487
      vertex -7.17705 0 3.82286
    endloop
  endfacet
  facet normal -0.622318 -0.758296 0.194183
    outer loop
      vertex -3.98736 -5.9675 8.17713
      vertex -5.27776 -5.27776 6.73513
      vertex -4.14671 -6.20599 6.73513
    endloop
  endfacet
  facet normal -0.462427 -0.865132 0.194184
    outer loop
      vertex -3.98736 -5.9675 8.17713
      vertex -4.14671 -6.20599 6.73513
      vertex -2.85631 -6.89573 6.73513
    endloop
  endfacet
  facet normal -0.462422 -0.865134 0.194189
    outer loop
      vertex -2.74654 -6.63073 8.17713
      vertex -3.98736 -5.9675 8.17713
      vertex -2.85631 -6.89573 6.73513
    endloop
  endfacet
  facet normal -0.462427 -0.865132 -0.194183
    outer loop
      vertex -2.85631 -6.89573 5.26487
      vertex -4.14671 -6.20599 5.26487
      vertex -3.98736 -5.9675 3.82286
    endloop
  endfacet
  facet normal -0.0906168 -0.920079 -0.381107
    outer loop
      vertex 0 -6.61441 2.46452
      vertex -1.40017 -7.03915 3.82286
      vertex -1.29041 -6.48732 2.46452
    endloop
  endfacet
  facet normal -0.26838 -0.88472 -0.381107
    outer loop
      vertex -1.40017 -7.03915 3.82286
      vertex -2.53122 -6.11092 2.46452
      vertex -1.29041 -6.48732 2.46452
    endloop
  endfacet
  facet normal -0.241723 -0.796846 -0.55372
    outer loop
      vertex -1.13105 -5.68618 1.24205
      vertex -2.53122 -6.11092 2.46452
      vertex -2.21864 -5.35626 1.24205
    endloop
  endfacet
  facet normal -0.449662 -0.54792 -0.705399
    outer loop
      vertex -3.22096 -4.82051 1.24205
      vertex -4.09951 -4.09951 1.24205
      vertex -3.36438 -3.36438 0.202421
    endloop
  endfacet
  facet normal -0.392533 -0.734379 -0.553719
    outer loop
      vertex -2.53122 -6.11092 2.46452
      vertex -3.22096 -4.82051 1.24205
      vertex -2.21864 -5.35626 1.24205
    endloop
  endfacet
  facet normal 0.449661 -0.547921 -0.705399
    outer loop
      vertex 3.22096 -4.82051 1.24205
      vertex 2.64337 -3.95609 0.202421
      vertex 3.36438 -3.36438 0.202421
    endloop
  endfacet
  facet normal -0.353632 -0.430875 -0.830236
    outer loop
      vertex -3.0174 -3.25912 0
      vertex -3.36438 -3.36438 0.202421
      vertex -3.15016 -3.15016 0
    endloop
  endfacet
  facet normal 0.392533 -0.734379 -0.553719
    outer loop
      vertex 2.53122 -6.11092 2.46452
      vertex 2.21864 -5.35626 1.24205
      vertex 3.22096 -4.82051 1.24205
    endloop
  endfacet
  facet normal 0.262768 -0.491609 -0.830225
    outer loop
      vertex 2.64337 -3.95609 0.202421
      vertex 1.85633 -4.03492 0
      vertex 2.47507 -3.7042 0
    endloop
  endfacet
  facet normal 0.262768 -0.491602 -0.830229
    outer loop
      vertex 1.85633 -4.03492 0
      vertex 2.64337 -3.95609 0.202421
      vertex 1.82079 -4.39577 0.202421
    endloop
  endfacet
  facet normal 0.0816156 -0.828685 0.553732
    outer loop
      vertex 1.13105 -5.68618 10.7579
      vertex 0 -6.61441 9.53547
      vertex 1.29041 -6.48732 9.53547
    endloop
  endfacet
  facet normal 0.491591 -0.262762 0.830237
    outer loop
      vertex 4.39577 -1.82079 11.7976
      vertex 2.93964 -1.9642 12.6144
      vertex 3.95609 -2.64337 11.7976
    endloop
  endfacet
  facet normal -0.643688 -0.528255 0.553726
    outer loop
      vertex -4.09951 -4.09951 10.7579
      vertex -4.82051 -3.22096 10.7579
      vertex -4.67709 -4.67709 9.53547
    endloop
  endfacet
  facet normal -0.547939 -0.449677 0.705374
    outer loop
      vertex -3.36438 -3.36438 11.7976
      vertex -4.82051 -3.22096 10.7579
      vertex -4.09951 -4.09951 10.7579
    endloop
  endfacet
  facet normal -0.528255 -0.643688 0.553726
    outer loop
      vertex -4.09951 -4.09951 10.7579
      vertex -4.67709 -4.67709 9.53547
      vertex -3.22096 -4.82051 10.7579
    endloop
  endfacet
  facet normal -0.0816156 -0.828685 0.553732
    outer loop
      vertex -1.13105 -5.68618 10.7579
      vertex -1.29041 -6.48732 9.53547
      vertex 0 -6.61441 9.53547
    endloop
  endfacet
  facet normal -0.124324 -0.151494 0.980609
    outer loop
      vertex -0.408415 -0.611237 13.4639
      vertex -1.53947 -1.53947 13.1771
      vertex -1.20955 -1.81022 13.1771
    endloop
  endfacet
  facet normal -0.533408 -0.161808 0.830238
    outer loop
      vertex -3.46754 -0.689736 12.6144
      vertex -4.39577 -1.82079 11.7976
      vertex -3.26635 -1.35297 12.6144
    endloop
  endfacet
  facet normal -0.243793 -0.297067 0.92321
    outer loop
      vertex -1.53947 -1.53947 13.1771
      vertex -2.49996 -2.49996 12.6144
      vertex -1.9642 -2.93964 12.6144
    endloop
  endfacet
  facet normal 0.195033 -0.0192088 0.980609
    outer loop
      vertex 0.735128 0 13.4639
      vertex 0.721003 -0.143416 13.4639
      vertex 2.1353 -0.424738 13.1771
    endloop
  endfacet
  facet normal 0.547939 -0.449676 0.705375
    outer loop
      vertex 3.95609 -2.64337 11.7976
      vertex 3.36438 -3.36438 11.7976
      vertex 4.82051 -3.22096 10.7579
    endloop
  endfacet
  facet normal 0.586519 -0.714669 0.381109
    outer loop
      vertex 4.67709 -4.67709 9.53547
      vertex 3.67477 -5.49968 9.53547
      vertex 3.98736 -5.9675 8.17713
    endloop
  endfacet
  facet normal 0.268379 -0.88472 0.381108
    outer loop
      vertex 2.53122 -6.11092 9.53547
      vertex 1.40017 -7.03915 8.17713
      vertex 2.74654 -6.63073 8.17713
    endloop
  endfacet
  facet normal 0.284761 -0.938724 0.194189
    outer loop
      vertex 2.74654 -6.63073 8.17713
      vertex 1.40017 -7.03915 8.17713
      vertex 2.85631 -6.89573 6.73513
    endloop
  endfacet
  facet normal -0.290285 -0.95694 0
    outer loop
      vertex -2.85631 -6.89573 5.26487
      vertex -1.45613 -7.32047 6.73513
      vertex -2.85631 -6.89573 6.73513
    endloop
  endfacet
  facet normal -0.290285 -0.95694 -0
    outer loop
      vertex -1.45613 -7.32047 6.73513
      vertex -2.85631 -6.89573 5.26487
      vertex -1.45613 -7.32047 5.26487
    endloop
  endfacet
  facet normal 0.069476 -0.705422 0.705374
    outer loop
      vertex 0 -4.75795 11.7976
      vertex 0 -5.79758 10.7579
      vertex 0.928229 -4.66653 11.7976
    endloop
  endfacet
  facet normal -0.24379 -0.297068 0.92321
    outer loop
      vertex -1.53947 -1.53947 13.1771
      vertex -1.9642 -2.93964 12.6144
      vertex -1.20955 -1.81022 13.1771
    endloop
  endfacet
  facet normal 0.0961481 -0.976241 0.194186
    outer loop
      vertex 1.40017 -7.03915 8.17713
      vertex 0 -7.17705 8.17713
      vertex 1.45613 -7.32047 6.73513
    endloop
  endfacet
  facet normal 0.268379 -0.88472 -0.381108
    outer loop
      vertex 2.74654 -6.63073 3.82286
      vertex 1.40017 -7.03915 3.82286
      vertex 2.53122 -6.11092 2.46452
    endloop
  endfacet
  facet normal -0.0961537 -0.97624 -0.194191
    outer loop
      vertex 0 -7.46389 5.26487
      vertex -1.45613 -7.32047 5.26487
      vertex 0 -7.17705 3.82286
    endloop
  endfacet
  facet normal 0.54792 -0.449662 -0.705399
    outer loop
      vertex 4.09951 -4.09951 1.24205
      vertex 3.36438 -3.36438 0.202421
      vertex 4.82051 -3.22096 1.24205
    endloop
  endfacet
  facet normal 0.43582 -0.815363 -0.381109
    outer loop
      vertex 3.98736 -5.9675 3.82286
      vertex 2.53122 -6.11092 2.46452
      vertex 3.67477 -5.49968 2.46452
    endloop
  endfacet
  facet normal 0.0961481 0.976242 -0.194185
    outer loop
      vertex 1.40017 7.03915 3.82286
      vertex 0 7.17705 3.82286
      vertex 1.45613 7.32047 5.26487
    endloop
  endfacet
  facet normal -0.634394 0.77301 0
    outer loop
      vertex -4.14671 6.20599 5.26487
      vertex -5.27776 5.27776 6.73513
      vertex -4.14671 6.20599 6.73513
    endloop
  endfacet
  facet normal -0.634394 0.77301 0
    outer loop
      vertex -5.27776 5.27776 6.73513
      vertex -4.14671 6.20599 5.26487
      vertex -5.27776 5.27776 5.26487
    endloop
  endfacet
  facet normal -0.528259 0.64368 0.553731
    outer loop
      vertex -3.67477 5.49968 9.53547
      vertex -4.67709 4.67709 9.53547
      vertex -3.22096 4.82051 10.7579
    endloop
  endfacet
  facet normal 0.39253 0.734372 0.553731
    outer loop
      vertex 3.67477 5.49968 9.53547
      vertex 2.53122 6.11092 9.53547
      vertex 3.22096 4.82051 10.7579
    endloop
  endfacet
  facet normal 0.622318 0.758296 -0.194182
    outer loop
      vertex 5.27776 5.27776 5.26487
      vertex 3.98736 5.9675 3.82286
      vertex 4.14671 6.20599 5.26487
    endloop
  endfacet
  facet normal 0.462427 0.865132 0.194184
    outer loop
      vertex 4.14671 6.20599 6.73513
      vertex 2.85631 6.89573 6.73513
      vertex 3.98736 5.9675 8.17713
    endloop
  endfacet
  facet normal 0.268379 0.88472 -0.381108
    outer loop
      vertex 2.53122 6.11092 2.46452
      vertex 1.40017 7.03915 3.82286
      vertex 2.74654 6.63073 3.82286
    endloop
  endfacet
  facet normal -0.284759 0.938725 -0.194185
    outer loop
      vertex -1.40017 7.03915 3.82286
      vertex -2.85631 6.89573 5.26487
      vertex -1.45613 7.32047 5.26487
    endloop
  endfacet
  facet normal -0.449661 0.547921 -0.705399
    outer loop
      vertex -2.64337 3.95609 0.202421
      vertex -3.36438 3.36438 0.202421
      vertex -3.22096 4.82051 1.24205
    endloop
  endfacet
  facet normal 0.938724 0.284761 -0.194187
    outer loop
      vertex 7.03915 1.40017 3.82286
      vertex 6.63073 2.74654 3.82286
      vertex 6.89573 2.85631 5.26487
    endloop
  endfacet
  facet normal 0.758296 0.622318 0.194183
    outer loop
      vertex 6.20599 4.14671 6.73513
      vertex 5.27776 5.27776 6.73513
      vertex 5.9675 3.98736 8.17713
    endloop
  endfacet
  facet normal 0.54792 0.449662 -0.705399
    outer loop
      vertex 4.82051 3.22096 1.24205
      vertex 3.36438 3.36438 0.202421
      vertex 4.09951 4.09951 1.24205
    endloop
  endfacet
  facet normal 0.449662 0.54792 -0.705399
    outer loop
      vertex 3.36438 3.36438 0.202421
      vertex 3.22096 4.82051 1.24205
      vertex 4.09951 4.09951 1.24205
    endloop
  endfacet
  facet normal 0.392533 0.734379 -0.553719
    outer loop
      vertex 3.22096 4.82051 1.24205
      vertex 2.21864 5.35626 1.24205
      vertex 2.53122 6.11092 2.46452
    endloop
  endfacet
  facet normal 0.16179 -0.533436 -0.830223
    outer loop
      vertex 1.82079 -4.39577 0.202421
      vertex 1.5405 -4.16574 0
      vertex 1.70486 -4.11589 0
    endloop
  endfacet
  facet normal 0.796846 0.241723 -0.55372
    outer loop
      vertex 5.68618 1.13105 1.24205
      vertex 5.35626 2.21864 1.24205
      vertex 6.11092 2.53122 2.46452
    endloop
  endfacet
  facet normal 0.625116 -0.334131 -0.705398
    outer loop
      vertex 4.82051 -3.22096 1.24205
      vertex 4.39577 -1.82079 0.202421
      vertex 5.35626 -2.21864 1.24205
    endloop
  endfacet
  facet normal 0.920079 -0.0906168 -0.381107
    outer loop
      vertex 7.03915 -1.40017 3.82286
      vertex 6.61441 0 2.46452
      vertex 7.17705 0 3.82286
    endloop
  endfacet
  facet normal 0.88472 0.26838 -0.381107
    outer loop
      vertex 6.48732 1.29041 2.46452
      vertex 6.11092 2.53122 2.46452
      vertex 7.03915 1.40017 3.82286
    endloop
  endfacet
  facet normal 0.714669 0.586518 -0.38111
    outer loop
      vertex 5.9675 3.98736 3.82286
      vertex 4.67709 4.67709 2.46452
      vertex 5.07494 5.07494 3.82286
    endloop
  endfacet
  facet normal 0.881919 0.4714 0
    outer loop
      vertex 6.89573 2.85631 6.73513
      vertex 6.20599 4.14671 5.26487
      vertex 6.20599 4.14671 6.73513
    endloop
  endfacet
  facet normal 0.881919 0.4714 0
    outer loop
      vertex 6.20599 4.14671 5.26487
      vertex 6.89573 2.85631 6.73513
      vertex 6.89573 2.85631 5.26487
    endloop
  endfacet
  facet normal 0.528261 0.643694 -0.553713
    outer loop
      vertex 4.09951 4.09951 1.24205
      vertex 3.22096 4.82051 1.24205
      vertex 4.67709 4.67709 2.46452
    endloop
  endfacet
  facet normal 0.643687 0.528265 -0.553719
    outer loop
      vertex 4.82051 3.22096 1.24205
      vertex 4.67709 4.67709 2.46452
      vertex 5.49968 3.67477 2.46452
    endloop
  endfacet
  facet normal 0.758296 0.622318 -0.194182
    outer loop
      vertex 5.9675 3.98736 3.82286
      vertex 5.27776 5.27776 5.26487
      vertex 6.20599 4.14671 5.26487
    endloop
  endfacet
  facet normal 0.865132 0.462427 -0.194183
    outer loop
      vertex 6.89573 2.85631 5.26487
      vertex 5.9675 3.98736 3.82286
      vertex 6.20599 4.14671 5.26487
    endloop
  endfacet
  facet normal 0.533436 0.16179 -0.830223
    outer loop
      vertex 4.16574 1.5405 0
      vertex 4.11589 1.70486 0
      vertex 4.39577 1.82079 0.202421
    endloop
  endfacet
  facet normal 0.815363 0.43582 -0.381109
    outer loop
      vertex 6.11092 2.53122 2.46452
      vertex 5.49968 3.67477 2.46452
      vertex 5.9675 3.98736 3.82286
    endloop
  endfacet
  facet normal -0.938724 -0.284761 0.194189
    outer loop
      vertex -6.63073 -2.74654 8.17713
      vertex -7.03915 -1.40017 8.17713
      vertex -6.89573 -2.85631 6.73513
    endloop
  endfacet
  facet normal -0.64368 -0.528259 0.553731
    outer loop
      vertex -4.82051 -3.22096 10.7579
      vertex -5.49968 -3.67477 9.53547
      vertex -4.67709 -4.67709 9.53547
    endloop
  endfacet
  facet normal -0.554724 -0.054634 0.830239
    outer loop
      vertex -3.53547 0 12.6144
      vertex -4.75795 0 11.7976
      vertex -4.66653 -0.928229 11.7976
    endloop
  endfacet
  facet normal -0.705422 -0.069476 0.705374
    outer loop
      vertex -4.75795 0 11.7976
      vertex -5.79758 0 10.7579
      vertex -4.66653 -0.928229 11.7976
    endloop
  endfacet
  facet normal -0.334143 0.625136 0.705375
    outer loop
      vertex -1.82079 4.39577 11.7976
      vertex -3.22096 4.82051 10.7579
      vertex -2.64337 3.95609 11.7976
    endloop
  endfacet
  facet normal -0.43582 0.815363 0.381109
    outer loop
      vertex -2.53122 6.11092 9.53547
      vertex -3.98736 5.9675 8.17713
      vertex -3.67477 5.49968 9.53547
    endloop
  endfacet
  facet normal -0.865132 0.462427 -0.194183
    outer loop
      vertex -5.9675 3.98736 3.82286
      vertex -6.89573 2.85631 5.26487
      vertex -6.20599 4.14671 5.26487
    endloop
  endfacet
  facet normal -0.622318 0.758296 0.194183
    outer loop
      vertex -4.14671 6.20599 6.73513
      vertex -5.27776 5.27776 6.73513
      vertex -3.98736 5.9675 8.17713
    endloop
  endfacet
  facet normal -0.88472 0.268379 0.381108
    outer loop
      vertex -6.63073 2.74654 8.17713
      vertex -7.03915 1.40017 8.17713
      vertex -6.11092 2.53122 9.53547
    endloop
  endfacet
  facet normal -0.88472 0.26838 0.381107
    outer loop
      vertex -6.11092 2.53122 9.53547
      vertex -7.03915 1.40017 8.17713
      vertex -6.48732 1.29041 9.53547
    endloop
  endfacet
  facet normal -0.0546531 0.554729 -0.830234
    outer loop
      vertex -0.869128 4.3694 0
      vertex -0.928229 4.66653 0.202421
      vertex -0.698202 4.38624 0
    endloop
  endfacet
  facet normal -0.392534 0.734379 -0.553718
    outer loop
      vertex -3.22096 4.82051 1.24205
      vertex -3.67477 5.49968 2.46452
      vertex -2.53122 6.11092 2.46452
    endloop
  endfacet
  facet normal -0.97624 0.0961537 -0.194191
    outer loop
      vertex -7.17705 0 3.82286
      vertex -7.46389 0 5.26487
      vertex -7.32047 1.45613 5.26487
    endloop
  endfacet
  facet normal -0.865134 -0.462422 -0.194188
    outer loop
      vertex -5.9675 -3.98736 3.82286
      vertex -6.89573 -2.85631 5.26487
      vertex -6.63073 -2.74654 3.82286
    endloop
  endfacet
  facet normal -0.995184 -0.0980197 0
    outer loop
      vertex -7.32047 -1.45613 5.26487
      vertex -7.46389 0 6.73513
      vertex -7.46389 0 5.26487
    endloop
  endfacet
  facet normal -0.995184 -0.0980197 0
    outer loop
      vertex -7.46389 0 6.73513
      vertex -7.32047 -1.45613 5.26487
      vertex -7.32047 -1.45613 6.73513
    endloop
  endfacet
  facet normal -0.995184 0.0980197 0
    outer loop
      vertex -7.46389 0 5.26487
      vertex -7.32047 1.45613 6.73513
      vertex -7.32047 1.45613 5.26487
    endloop
  endfacet
  facet normal -0.995184 0.0980197 0
    outer loop
      vertex -7.32047 1.45613 6.73513
      vertex -7.46389 0 5.26487
      vertex -7.46389 0 6.73513
    endloop
  endfacet
  facet normal -0.625116 0.334131 -0.705398
    outer loop
      vertex -4.39577 1.82079 0.202421
      vertex -5.35626 2.21864 1.24205
      vertex -4.82051 3.22096 1.24205
    endloop
  endfacet
  facet normal -0.625115 0.334132 -0.705399
    outer loop
      vertex -4.39577 1.82079 0.202421
      vertex -4.82051 3.22096 1.24205
      vertex -3.95609 2.64337 0.202421
    endloop
  endfacet
  facet normal -0.462427 0.865132 0.194184
    outer loop
      vertex -2.85631 6.89573 6.73513
      vertex -4.14671 6.20599 6.73513
      vertex -3.98736 5.9675 8.17713
    endloop
  endfacet
  facet normal -0.462422 0.865134 0.194189
    outer loop
      vertex -2.85631 6.89573 6.73513
      vertex -3.98736 5.9675 8.17713
      vertex -2.74654 6.63073 8.17713
    endloop
  endfacet
  facet normal -0.758296 0.622318 0.194183
    outer loop
      vertex -5.27776 5.27776 6.73513
      vertex -6.20599 4.14671 6.73513
      vertex -5.9675 3.98736 8.17713
    endloop
  endfacet
  facet normal -0.758294 0.62232 0.194186
    outer loop
      vertex -5.27776 5.27776 6.73513
      vertex -5.9675 3.98736 8.17713
      vertex -5.07494 5.07494 8.17713
    endloop
  endfacet
  facet normal -0.4714 0.881919 0
    outer loop
      vertex -2.85631 6.89573 5.26487
      vertex -4.14671 6.20599 6.73513
      vertex -2.85631 6.89573 6.73513
    endloop
  endfacet
  facet normal -0.4714 0.881919 0
    outer loop
      vertex -4.14671 6.20599 6.73513
      vertex -2.85631 6.89573 5.26487
      vertex -4.14671 6.20599 5.26487
    endloop
  endfacet
  facet normal -0.758294 0.62232 -0.194185
    outer loop
      vertex -5.07494 5.07494 3.82286
      vertex -5.9675 3.98736 3.82286
      vertex -5.27776 5.27776 5.26487
    endloop
  endfacet
  facet normal -0.62232 0.758294 -0.194185
    outer loop
      vertex -5.07494 5.07494 3.82286
      vertex -5.27776 5.27776 5.26487
      vertex -3.98736 5.9675 3.82286
    endloop
  endfacet
  facet normal -0.881919 0.4714 0
    outer loop
      vertex -6.89573 2.85631 5.26487
      vertex -6.20599 4.14671 6.73513
      vertex -6.20599 4.14671 5.26487
    endloop
  endfacet
  facet normal -0.881919 0.4714 0
    outer loop
      vertex -6.20599 4.14671 6.73513
      vertex -6.89573 2.85631 5.26487
      vertex -6.89573 2.85631 6.73513
    endloop
  endfacet
  facet normal -0.77301 0.634394 0
    outer loop
      vertex -6.20599 4.14671 5.26487
      vertex -5.27776 5.27776 6.73513
      vertex -5.27776 5.27776 5.26487
    endloop
  endfacet
  facet normal -0.77301 0.634394 0
    outer loop
      vertex -5.27776 5.27776 6.73513
      vertex -6.20599 4.14671 5.26487
      vertex -6.20599 4.14671 6.73513
    endloop
  endfacet
  facet normal -0.88472 -0.26838 0.381107
    outer loop
      vertex -6.48732 -1.29041 9.53547
      vertex -7.03915 -1.40017 8.17713
      vertex -6.11092 -2.53122 9.53547
    endloop
  endfacet
  facet normal -0.920079 -0.0906168 0.381107
    outer loop
      vertex -6.61441 0 9.53547
      vertex -7.03915 -1.40017 8.17713
      vertex -6.48732 -1.29041 9.53547
    endloop
  endfacet
  facet normal -0.533414 0.161811 -0.830233
    outer loop
      vertex -4.66653 0.928229 0.202421
      vertex -4.16574 1.5405 0
      vertex -4.3694 0.869128 0
    endloop
  endfacet
  facet normal -0.533416 0.161813 -0.830231
    outer loop
      vertex -4.16574 1.5405 0
      vertex -4.66653 0.928229 0.202421
      vertex -4.39577 1.82079 0.202421
    endloop
  endfacet
  facet normal -0.815363 -0.43582 -0.381109
    outer loop
      vertex -5.9675 -3.98736 3.82286
      vertex -6.11092 -2.53122 2.46452
      vertex -5.49968 -3.67477 2.46452
    endloop
  endfacet
  facet normal -0.625116 -0.334131 -0.705398
    outer loop
      vertex -4.82051 -3.22096 1.24205
      vertex -5.35626 -2.21864 1.24205
      vertex -4.39577 -1.82079 0.202421
    endloop
  endfacet
  facet normal 0.865134 0.462422 0.194189
    outer loop
      vertex 6.89573 2.85631 6.73513
      vertex 5.9675 3.98736 8.17713
      vertex 6.63073 2.74654 8.17713
    endloop
  endfacet
  facet normal 0.815364 0.43582 0.381108
    outer loop
      vertex 6.63073 2.74654 8.17713
      vertex 5.9675 3.98736 8.17713
      vertex 6.11092 2.53122 9.53547
    endloop
  endfacet
  facet normal 0.88472 -0.268379 0.381108
    outer loop
      vertex 7.03915 -1.40017 8.17713
      vertex 6.11092 -2.53122 9.53547
      vertex 6.63073 -2.74654 8.17713
    endloop
  endfacet
  facet normal 0.88472 -0.26838 0.381107
    outer loop
      vertex 6.48732 -1.29041 9.53547
      vertex 6.11092 -2.53122 9.53547
      vertex 7.03915 -1.40017 8.17713
    endloop
  endfacet
  facet normal 0.938725 -0.284759 0.194187
    outer loop
      vertex 7.03915 -1.40017 8.17713
      vertex 6.89573 -2.85631 6.73513
      vertex 7.32047 -1.45613 6.73513
    endloop
  endfacet
  facet normal 0.976241 -0.0961481 0.194186
    outer loop
      vertex 7.17705 0 8.17713
      vertex 7.03915 -1.40017 8.17713
      vertex 7.32047 -1.45613 6.73513
    endloop
  endfacet
  facet normal 0.62232 -0.758294 0.194186
    outer loop
      vertex 5.07494 -5.07494 8.17713
      vertex 3.98736 -5.9675 8.17713
      vertex 5.27776 -5.27776 6.73513
    endloop
  endfacet
  facet normal 0.758294 -0.62232 0.194186
    outer loop
      vertex 5.9675 -3.98736 8.17713
      vertex 5.07494 -5.07494 8.17713
      vertex 5.27776 -5.27776 6.73513
    endloop
  endfacet
  facet normal 0.920079 0.0906168 0.381107
    outer loop
      vertex 7.03915 1.40017 8.17713
      vertex 6.48732 1.29041 9.53547
      vertex 6.61441 0 9.53547
    endloop
  endfacet
  facet normal 0.88472 0.26838 0.381107
    outer loop
      vertex 7.03915 1.40017 8.17713
      vertex 6.11092 2.53122 9.53547
      vertex 6.48732 1.29041 9.53547
    endloop
  endfacet
  facet normal 0.0376648 0.382445 0.92321
    outer loop
      vertex 0 3.53547 12.6144
      vertex 0 2.17713 13.1771
      vertex 0.424738 2.1353 13.1771
    endloop
  endfacet
  facet normal 0.382445 0.0376659 0.92321
    outer loop
      vertex 3.46754 0.689736 12.6144
      vertex 2.1353 0.424738 13.1771
      vertex 3.53547 0 12.6144
    endloop
  endfacet
  facet normal 0.533408 -0.161808 0.830238
    outer loop
      vertex 3.46754 -0.689736 12.6144
      vertex 3.26635 -1.35297 12.6144
      vertex 4.39577 -1.82079 11.7976
    endloop
  endfacet
  facet normal 0.430887 -0.353614 0.830237
    outer loop
      vertex 2.93964 -1.9642 12.6144
      vertex 2.49996 -2.49996 12.6144
      vertex 3.36438 -3.36438 11.7976
    endloop
  endfacet
  facet normal 0.297068 -0.24379 0.92321
    outer loop
      vertex 1.81022 -1.20955 13.1771
      vertex 1.53947 -1.53947 13.1771
      vertex 2.93964 -1.9642 12.6144
    endloop
  endfacet
  facet normal 0.338918 -0.181156 0.92321
    outer loop
      vertex 3.26635 -1.35297 12.6144
      vertex 2.01141 -0.833153 13.1771
      vertex 2.93964 -1.9642 12.6144
    endloop
  endfacet
  facet normal 0.353614 -0.430886 0.830238
    outer loop
      vertex 3.36438 -3.36438 11.7976
      vertex 1.9642 -2.93964 12.6144
      vertex 2.64337 -3.95609 11.7976
    endloop
  endfacet
  facet normal 0.16181 -0.533406 0.830238
    outer loop
      vertex 1.82079 -4.39577 11.7976
      vertex 0.689736 -3.46754 12.6144
      vertex 0.928229 -4.66653 11.7976
    endloop
  endfacet
  facet normal 0.528259 -0.64368 0.553731
    outer loop
      vertex 4.67709 -4.67709 9.53547
      vertex 3.22096 -4.82051 10.7579
      vertex 3.67477 -5.49968 9.53547
    endloop
  endfacet
  facet normal 0.241721 -0.796838 0.553733
    outer loop
      vertex 2.53122 -6.11092 9.53547
      vertex 1.13105 -5.68618 10.7579
      vertex 1.29041 -6.48732 9.53547
    endloop
  endfacet
  facet normal 0.714669 -0.586518 0.38111
    outer loop
      vertex 5.9675 -3.98736 8.17713
      vertex 4.67709 -4.67709 9.53547
      vertex 5.07494 -5.07494 8.17713
    endloop
  endfacet
  facet normal 0.815363 -0.43582 0.381109
    outer loop
      vertex 6.11092 -2.53122 9.53547
      vertex 5.49968 -3.67477 9.53547
      vertex 5.9675 -3.98736 8.17713
    endloop
  endfacet
  facet normal 0.462422 -0.865134 -0.194188
    outer loop
      vertex 2.85631 -6.89573 5.26487
      vertex 2.74654 -6.63073 3.82286
      vertex 3.98736 -5.9675 3.82286
    endloop
  endfacet
  facet normal 0.284761 -0.938724 -0.194187
    outer loop
      vertex 2.85631 -6.89573 5.26487
      vertex 1.40017 -7.03915 3.82286
      vertex 2.74654 -6.63073 3.82286
    endloop
  endfacet
  facet normal 0.0816203 -0.828695 -0.553717
    outer loop
      vertex 1.13105 -5.68618 1.24205
      vertex 0 -6.61441 2.46452
      vertex 0 -5.79758 1.24205
    endloop
  endfacet
  facet normal -0.0694737 -0.705398 -0.705399
    outer loop
      vertex 0 -5.79758 1.24205
      vertex -0.928229 -4.66653 0.202421
      vertex 0 -4.75795 0.202421
    endloop
  endfacet
  facet normal 0.392534 -0.734379 -0.553718
    outer loop
      vertex 3.67477 -5.49968 2.46452
      vertex 2.53122 -6.11092 2.46452
      vertex 3.22096 -4.82051 1.24205
    endloop
  endfacet
  facet normal 0.586519 -0.714669 -0.381109
    outer loop
      vertex 3.98736 -5.9675 3.82286
      vertex 3.67477 -5.49968 2.46452
      vertex 4.67709 -4.67709 2.46452
    endloop
  endfacet
  facet normal 0.62232 -0.758294 -0.194185
    outer loop
      vertex 5.27776 -5.27776 5.26487
      vertex 3.98736 -5.9675 3.82286
      vertex 5.07494 -5.07494 3.82286
    endloop
  endfacet
  facet normal 0.643687 -0.528265 -0.553719
    outer loop
      vertex 5.49968 -3.67477 2.46452
      vertex 4.67709 -4.67709 2.46452
      vertex 4.82051 -3.22096 1.24205
    endloop
  endfacet
  facet normal 0.554725 0.0546331 0.830238
    outer loop
      vertex 4.66653 0.928229 11.7976
      vertex 3.46754 0.689736 12.6144
      vertex 3.53547 0 12.6144
    endloop
  endfacet
  facet normal 0.533406 0.16181 0.830238
    outer loop
      vertex 4.39577 1.82079 11.7976
      vertex 3.46754 0.689736 12.6144
      vertex 4.66653 0.928229 11.7976
    endloop
  endfacet
  facet normal 0.828687 0.0816195 0.55373
    outer loop
      vertex 6.61441 0 9.53547
      vertex 5.68618 1.13105 10.7579
      vertex 5.79758 0 10.7579
    endloop
  endfacet
  facet normal 0.705423 0.0694789 0.705373
    outer loop
      vertex 5.68618 1.13105 10.7579
      vertex 4.66653 0.928229 11.7976
      vertex 5.79758 0 10.7579
    endloop
  endfacet
  facet normal 0.161808 0.533408 0.830238
    outer loop
      vertex 1.82079 4.39577 11.7976
      vertex 0.689736 3.46754 12.6144
      vertex 1.35297 3.26635 12.6144
    endloop
  endfacet
  facet normal 0.462422 0.865134 0.194189
    outer loop
      vertex 2.85631 6.89573 6.73513
      vertex 2.74654 6.63073 8.17713
      vertex 3.98736 5.9675 8.17713
    endloop
  endfacet
  facet normal 0.714669 0.586518 0.38111
    outer loop
      vertex 5.07494 5.07494 8.17713
      vertex 4.67709 4.67709 9.53547
      vertex 5.9675 3.98736 8.17713
    endloop
  endfacet
  facet normal 0.586518 0.714669 0.38111
    outer loop
      vertex 5.07494 5.07494 8.17713
      vertex 3.98736 5.9675 8.17713
      vertex 4.67709 4.67709 9.53547
    endloop
  endfacet
  facet normal -0.382445 0.0376648 0.92321
    outer loop
      vertex -2.1353 0.424738 13.1771
      vertex -3.53547 0 12.6144
      vertex -2.17713 0 13.1771
    endloop
  endfacet
  facet normal -0.382445 -0.0376648 0.92321
    outer loop
      vertex -2.17713 0 13.1771
      vertex -3.53547 0 12.6144
      vertex -2.1353 -0.424738 13.1771
    endloop
  endfacet
  facet normal 0.056889 0.187538 0.980609
    outer loop
      vertex 0.424738 2.1353 13.1771
      vertex 0.143416 0.721003 13.4639
      vertex 0.281321 0.67917 13.4639
    endloop
  endfacet
  facet normal 0.172836 0.0923825 0.980609
    outer loop
      vertex 2.01141 0.833153 13.1771
      vertex 0.611237 0.408415 13.4639
      vertex 0.67917 0.281321 13.4639
    endloop
  endfacet
  facet normal -0.382445 0.0376659 0.92321
    outer loop
      vertex -3.46754 0.689736 12.6144
      vertex -3.53547 0 12.6144
      vertex -2.1353 0.424738 13.1771
    endloop
  endfacet
  facet normal -0.338918 0.181156 0.92321
    outer loop
      vertex -2.93964 1.9642 12.6144
      vertex -3.26635 1.35297 12.6144
      vertex -2.01141 0.833153 13.1771
    endloop
  endfacet
  facet normal -0.554724 0.054634 0.830239
    outer loop
      vertex -4.66653 0.928229 11.7976
      vertex -4.75795 0 11.7976
      vertex -3.53547 0 12.6144
    endloop
  endfacet
  facet normal -0.796838 0.241721 0.553732
    outer loop
      vertex -5.35626 2.21864 10.7579
      vertex -6.11092 2.53122 9.53547
      vertex -5.68618 1.13105 10.7579
    endloop
  endfacet
  facet normal -0.353614 0.430886 0.830238
    outer loop
      vertex -2.64337 3.95609 11.7976
      vertex -3.36438 3.36438 11.7976
      vertex -1.9642 2.93964 12.6144
    endloop
  endfacet
  facet normal -0.678313 0.205768 0.705373
    outer loop
      vertex -4.39577 1.82079 11.7976
      vertex -5.68618 1.13105 10.7579
      vertex -4.66653 0.928229 11.7976
    endloop
  endfacet
  facet normal -0.0694789 0.705423 0.705373
    outer loop
      vertex 0 5.79758 10.7579
      vertex -1.13105 5.68618 10.7579
      vertex -0.928229 4.66653 11.7976
    endloop
  endfacet
  facet normal 0.205766 0.678313 0.705374
    outer loop
      vertex 2.21864 5.35626 10.7579
      vertex 1.13105 5.68618 10.7579
      vertex 1.82079 4.39577 11.7976
    endloop
  endfacet
  facet normal 0.16181 0.533406 0.830238
    outer loop
      vertex 0.928229 4.66653 11.7976
      vertex 0.689736 3.46754 12.6144
      vertex 1.82079 4.39577 11.7976
    endloop
  endfacet
  facet normal 0.491591 0.262762 0.830238
    outer loop
      vertex 4.39577 1.82079 11.7976
      vertex 2.93964 1.9642 12.6144
      vertex 3.26635 1.35297 12.6144
    endloop
  endfacet
  facet normal 0.449676 0.547939 0.705375
    outer loop
      vertex 3.22096 4.82051 10.7579
      vertex 2.64337 3.95609 11.7976
      vertex 3.36438 3.36438 11.7976
    endloop
  endfacet
  facet normal 0.262762 0.491591 0.830238
    outer loop
      vertex 1.82079 4.39577 11.7976
      vertex 1.35297 3.26635 12.6144
      vertex 1.9642 2.93964 12.6144
    endloop
  endfacet
  facet normal -0.195033 0.0192077 0.980609
    outer loop
      vertex -2.1353 0.424738 13.1771
      vertex -2.17713 0 13.1771
      vertex -0.735128 0 13.4639
    endloop
  endfacet
  facet normal -0.181156 0.338918 0.92321
    outer loop
      vertex -1.35297 3.26635 12.6144
      vertex -1.9642 2.93964 12.6144
      vertex -0.833153 2.01141 13.1771
    endloop
  endfacet
  facet normal -0.111555 0.367748 0.92321
    outer loop
      vertex -0.689736 3.46754 12.6144
      vertex -1.35297 3.26635 12.6144
      vertex -0.424738 2.1353 13.1771
    endloop
  endfacet
  facet normal -0.172836 0.0923833 0.980609
    outer loop
      vertex -1.81022 1.20955 13.1771
      vertex -2.01141 0.833153 13.1771
      vertex -0.611237 0.408415 13.4639
    endloop
  endfacet
  facet normal -0.151494 0.124324 0.980609
    outer loop
      vertex -1.53947 1.53947 13.1771
      vertex -1.81022 1.20955 13.1771
      vertex -0.611237 0.408415 13.4639
    endloop
  endfacet
  facet normal -0.920079 -0.0906168 -0.381107
    outer loop
      vertex -6.48732 -1.29041 2.46452
      vertex -7.03915 -1.40017 3.82286
      vertex -6.61441 0 2.46452
    endloop
  endfacet
  facet normal -0.67829 0.205759 -0.705398
    outer loop
      vertex -4.39577 1.82079 0.202421
      vertex -5.68618 1.13105 1.24205
      vertex -5.35626 2.21864 1.24205
    endloop
  endfacet
  facet normal -0.976242 -0.0961481 -0.194185
    outer loop
      vertex -7.03915 -1.40017 3.82286
      vertex -7.32047 -1.45613 5.26487
      vertex -7.17705 0 3.82286
    endloop
  endfacet
  facet normal -0.705399 -0.0694765 -0.705397
    outer loop
      vertex -5.68618 -1.13105 1.24205
      vertex -5.79758 0 1.24205
      vertex -4.66653 -0.928229 0.202421
    endloop
  endfacet
  facet normal -0.828695 -0.0816203 -0.553717
    outer loop
      vertex -5.68618 -1.13105 1.24205
      vertex -6.61441 0 2.46452
      vertex -5.79758 0 1.24205
    endloop
  endfacet
  facet normal -0.796846 0.241723 -0.55372
    outer loop
      vertex -5.68618 1.13105 1.24205
      vertex -6.48732 1.29041 2.46452
      vertex -6.11092 2.53122 2.46452
    endloop
  endfacet
  facet normal -0.705398 -0.0694737 -0.705399
    outer loop
      vertex -4.66653 -0.928229 0.202421
      vertex -5.79758 0 1.24205
      vertex -4.75795 0 0.202421
    endloop
  endfacet
  facet normal -0.865132 -0.462427 -0.194183
    outer loop
      vertex -6.20599 -4.14671 5.26487
      vertex -6.89573 -2.85631 5.26487
      vertex -5.9675 -3.98736 3.82286
    endloop
  endfacet
  facet normal -0.865132 -0.462427 0.194184
    outer loop
      vertex -5.9675 -3.98736 8.17713
      vertex -6.89573 -2.85631 6.73513
      vertex -6.20599 -4.14671 6.73513
    endloop
  endfacet
  facet normal -0.758296 -0.622318 -0.194182
    outer loop
      vertex -5.27776 -5.27776 5.26487
      vertex -6.20599 -4.14671 5.26487
      vertex -5.9675 -3.98736 3.82286
    endloop
  endfacet
  facet normal -0.881919 -0.4714 0
    outer loop
      vertex -6.20599 -4.14671 5.26487
      vertex -6.89573 -2.85631 6.73513
      vertex -6.89573 -2.85631 5.26487
    endloop
  endfacet
  facet normal -0.881919 -0.4714 0
    outer loop
      vertex -6.89573 -2.85631 6.73513
      vertex -6.20599 -4.14671 5.26487
      vertex -6.20599 -4.14671 6.73513
    endloop
  endfacet
  facet normal -0.586518 -0.714669 -0.38111
    outer loop
      vertex -3.98736 -5.9675 3.82286
      vertex -5.07494 -5.07494 3.82286
      vertex -4.67709 -4.67709 2.46452
    endloop
  endfacet
  facet normal -0.62232 -0.758294 -0.194185
    outer loop
      vertex -3.98736 -5.9675 3.82286
      vertex -5.27776 -5.27776 5.26487
      vertex -5.07494 -5.07494 3.82286
    endloop
  endfacet
  facet normal -0.758296 -0.622318 0.194183
    outer loop
      vertex -5.9675 -3.98736 8.17713
      vertex -6.20599 -4.14671 6.73513
      vertex -5.27776 -5.27776 6.73513
    endloop
  endfacet
  facet normal -0.77301 -0.634394 0
    outer loop
      vertex -5.27776 -5.27776 5.26487
      vertex -6.20599 -4.14671 6.73513
      vertex -6.20599 -4.14671 5.26487
    endloop
  endfacet
  facet normal -0.77301 -0.634394 0
    outer loop
      vertex -6.20599 -4.14671 6.73513
      vertex -5.27776 -5.27776 5.26487
      vertex -5.27776 -5.27776 6.73513
    endloop
  endfacet
  facet normal -0.43582 -0.815363 -0.381109
    outer loop
      vertex -2.53122 -6.11092 2.46452
      vertex -3.98736 -5.9675 3.82286
      vertex -3.67477 -5.49968 2.46452
    endloop
  endfacet
  facet normal -0.586519 -0.714669 -0.381109
    outer loop
      vertex -3.98736 -5.9675 3.82286
      vertex -4.67709 -4.67709 2.46452
      vertex -3.67477 -5.49968 2.46452
    endloop
  endfacet
  facet normal -0.0816203 -0.828695 -0.553717
    outer loop
      vertex 0 -6.61441 2.46452
      vertex -1.13105 -5.68618 1.24205
      vertex 0 -5.79758 1.24205
    endloop
  endfacet
  facet normal -0.0816164 -0.828694 -0.55372
    outer loop
      vertex 0 -6.61441 2.46452
      vertex -1.29041 -6.48732 2.46452
      vertex -1.13105 -5.68618 1.24205
    endloop
  endfacet
  facet normal -0.262768 -0.491602 -0.830229
    outer loop
      vertex -2.64337 -3.95609 0.202421
      vertex -1.85633 -4.03492 0
      vertex -1.82079 -4.39577 0.202421
    endloop
  endfacet
  facet normal -0.262768 -0.491609 -0.830225
    outer loop
      vertex -1.85633 -4.03492 0
      vertex -2.64337 -3.95609 0.202421
      vertex -2.47507 -3.7042 0
    endloop
  endfacet
  facet normal -0.161811 -0.533414 -0.830233
    outer loop
      vertex -0.928229 -4.66653 0.202421
      vertex -1.5405 -4.16574 0
      vertex -0.869128 -4.3694 0
    endloop
  endfacet
  facet normal -0.161813 -0.533416 -0.830231
    outer loop
      vertex -1.5405 -4.16574 0
      vertex -0.928229 -4.66653 0.202421
      vertex -1.82079 -4.39577 0.202421
    endloop
  endfacet
  facet normal -0.262762 -0.491591 0.830237
    outer loop
      vertex -1.9642 -2.93964 12.6144
      vertex -2.64337 -3.95609 11.7976
      vertex -1.82079 -4.39577 11.7976
    endloop
  endfacet
  facet normal -0.734372 -0.39253 0.553731
    outer loop
      vertex -4.82051 -3.22096 10.7579
      vertex -6.11092 -2.53122 9.53547
      vertex -5.49968 -3.67477 9.53547
    endloop
  endfacet
  facet normal -0.734372 -0.392529 0.553731
    outer loop
      vertex -5.35626 -2.21864 10.7579
      vertex -6.11092 -2.53122 9.53547
      vertex -4.82051 -3.22096 10.7579
    endloop
  endfacet
  facet normal -0.39253 -0.734372 0.553731
    outer loop
      vertex -3.22096 -4.82051 10.7579
      vertex -3.67477 -5.49968 9.53547
      vertex -2.53122 -6.11092 9.53547
    endloop
  endfacet
  facet normal -0.353614 -0.430886 0.830238
    outer loop
      vertex -1.9642 -2.93964 12.6144
      vertex -3.36438 -3.36438 11.7976
      vertex -2.64337 -3.95609 11.7976
    endloop
  endfacet
  facet normal -0.338918 -0.181156 0.92321
    outer loop
      vertex -2.01141 -0.833153 13.1771
      vertex -3.26635 -1.35297 12.6144
      vertex -2.93964 -1.9642 12.6144
    endloop
  endfacet
  facet normal -0.533406 -0.16181 0.830238
    outer loop
      vertex -3.46754 -0.689736 12.6144
      vertex -4.66653 -0.928229 11.7976
      vertex -4.39577 -1.82079 11.7976
    endloop
  endfacet
  facet normal -0.43582 -0.815363 0.381109
    outer loop
      vertex -3.67477 -5.49968 9.53547
      vertex -3.98736 -5.9675 8.17713
      vertex -2.53122 -6.11092 9.53547
    endloop
  endfacet
  facet normal -0.449677 -0.547939 0.705374
    outer loop
      vertex -3.36438 -3.36438 11.7976
      vertex -4.09951 -4.09951 10.7579
      vertex -3.22096 -4.82051 10.7579
    endloop
  endfacet
  facet normal -0.334142 -0.625138 0.705374
    outer loop
      vertex -1.82079 -4.39577 11.7976
      vertex -3.22096 -4.82051 10.7579
      vertex -2.21864 -5.35626 10.7579
    endloop
  endfacet
  facet normal -0.334143 -0.625136 0.705375
    outer loop
      vertex -2.64337 -3.95609 11.7976
      vertex -3.22096 -4.82051 10.7579
      vertex -1.82079 -4.39577 11.7976
    endloop
  endfacet
  facet normal 0.367749 -0.111554 0.92321
    outer loop
      vertex 2.1353 -0.424738 13.1771
      vertex 2.01141 -0.833153 13.1771
      vertex 3.26635 -1.35297 12.6144
    endloop
  endfacet
  facet normal 0.172836 0.0923833 0.980609
    outer loop
      vertex 1.81022 1.20955 13.1771
      vertex 0.611237 0.408415 13.4639
      vertex 2.01141 0.833153 13.1771
    endloop
  endfacet
  facet normal -0.0376659 -0.382445 0.92321
    outer loop
      vertex -0.424738 -2.1353 13.1771
      vertex -0.689736 -3.46754 12.6144
      vertex 0 -3.53547 12.6144
    endloop
  endfacet
  facet normal 0.392529 -0.734372 0.553731
    outer loop
      vertex 3.22096 -4.82051 10.7579
      vertex 2.21864 -5.35626 10.7579
      vertex 2.53122 -6.11092 9.53547
    endloop
  endfacet
  facet normal 0.0961537 -0.97624 0.194192
    outer loop
      vertex 0 -7.17705 8.17713
      vertex 0 -7.46389 6.73513
      vertex 1.45613 -7.32047 6.73513
    endloop
  endfacet
  facet normal -0.0961537 -0.97624 0.194192
    outer loop
      vertex 0 -7.17705 8.17713
      vertex -1.45613 -7.32047 6.73513
      vertex 0 -7.46389 6.73513
    endloop
  endfacet
  facet normal 0.290285 -0.95694 0
    outer loop
      vertex 1.45613 -7.32047 5.26487
      vertex 2.85631 -6.89573 6.73513
      vertex 1.45613 -7.32047 6.73513
    endloop
  endfacet
  facet normal 0.290285 -0.95694 0
    outer loop
      vertex 2.85631 -6.89573 6.73513
      vertex 1.45613 -7.32047 5.26487
      vertex 2.85631 -6.89573 5.26487
    endloop
  endfacet
  facet normal 0.284759 -0.938725 -0.194185
    outer loop
      vertex 1.45613 -7.32047 5.26487
      vertex 1.40017 -7.03915 3.82286
      vertex 2.85631 -6.89573 5.26487
    endloop
  endfacet
  facet normal 0.0961481 -0.976242 -0.194185
    outer loop
      vertex 1.45613 -7.32047 5.26487
      vertex 0 -7.17705 3.82286
      vertex 1.40017 -7.03915 3.82286
    endloop
  endfacet
  facet normal -0.284759 0.938725 0.194187
    outer loop
      vertex -1.45613 7.32047 6.73513
      vertex -2.85631 6.89573 6.73513
      vertex -1.40017 7.03915 8.17713
    endloop
  endfacet
  facet normal -0.284761 0.938724 0.194189
    outer loop
      vertex -1.40017 7.03915 8.17713
      vertex -2.85631 6.89573 6.73513
      vertex -2.74654 6.63073 8.17713
    endloop
  endfacet
  facet normal 0.290285 0.95694 -0
    outer loop
      vertex 2.85631 6.89573 5.26487
      vertex 1.45613 7.32047 6.73513
      vertex 2.85631 6.89573 6.73513
    endloop
  endfacet
  facet normal 0.290285 0.95694 0
    outer loop
      vertex 1.45613 7.32047 6.73513
      vertex 2.85631 6.89573 5.26487
      vertex 1.45613 7.32047 5.26487
    endloop
  endfacet
  facet normal 0.0961537 0.97624 -0.194191
    outer loop
      vertex 1.45613 7.32047 5.26487
      vertex 0 7.17705 3.82286
      vertex 0 7.46389 5.26487
    endloop
  endfacet
  facet normal -0.0980197 0.995184 0
    outer loop
      vertex 0 7.46389 5.26487
      vertex -1.45613 7.32047 6.73513
      vertex 0 7.46389 6.73513
    endloop
  endfacet
  facet normal -0.0980197 0.995184 0
    outer loop
      vertex -1.45613 7.32047 6.73513
      vertex 0 7.46389 5.26487
      vertex -1.45613 7.32047 5.26487
    endloop
  endfacet
  facet normal 0.462422 0.865134 -0.194188
    outer loop
      vertex 3.98736 5.9675 3.82286
      vertex 2.74654 6.63073 3.82286
      vertex 2.85631 6.89573 5.26487
    endloop
  endfacet
  facet normal 0.586519 0.714669 -0.381109
    outer loop
      vertex 4.67709 4.67709 2.46452
      vertex 3.67477 5.49968 2.46452
      vertex 3.98736 5.9675 3.82286
    endloop
  endfacet
  facet normal 0.43582 0.815363 -0.381109
    outer loop
      vertex 3.67477 5.49968 2.46452
      vertex 2.53122 6.11092 2.46452
      vertex 3.98736 5.9675 3.82286
    endloop
  endfacet
  facet normal -0.0961481 0.976242 -0.194185
    outer loop
      vertex -1.40017 7.03915 3.82286
      vertex -1.45613 7.32047 5.26487
      vertex 0 7.17705 3.82286
    endloop
  endfacet
  facet normal 0.491601 0.262791 -0.830223
    outer loop
      vertex 4.11589 1.70486 0
      vertex 4.03492 1.85633 0
      vertex 4.39577 1.82079 0.202421
    endloop
  endfacet
  facet normal -0.0906168 0.920079 -0.381107
    outer loop
      vertex 0 6.61441 2.46452
      vertex -1.40017 7.03915 3.82286
      vertex 0 7.17705 3.82286
    endloop
  endfacet
  facet normal 0.0906168 0.920079 -0.381107
    outer loop
      vertex 1.40017 7.03915 3.82286
      vertex 0 6.61441 2.46452
      vertex 0 7.17705 3.82286
    endloop
  endfacet
  facet normal -0.26838 0.88472 -0.381107
    outer loop
      vertex -1.29041 6.48732 2.46452
      vertex -2.53122 6.11092 2.46452
      vertex -1.40017 7.03915 3.82286
    endloop
  endfacet
  facet normal -0.462422 0.865134 -0.194188
    outer loop
      vertex -2.74654 6.63073 3.82286
      vertex -3.98736 5.9675 3.82286
      vertex -2.85631 6.89573 5.26487
    endloop
  endfacet
  facet normal 0.205759 0.67829 -0.705398
    outer loop
      vertex 1.82079 4.39577 0.202421
      vertex 1.13105 5.68618 1.24205
      vertex 2.21864 5.35626 1.24205
    endloop
  endfacet
  facet normal 0.16179 0.533436 -0.830223
    outer loop
      vertex 1.70486 4.11589 0
      vertex 1.5405 4.16574 0
      vertex 1.82079 4.39577 0.202421
    endloop
  endfacet
  facet normal 0.054631 0.554734 -0.830233
    outer loop
      vertex 0 4.75795 0.202421
      vertex 0.698202 4.38624 0
      vertex 0 4.455 0
    endloop
  endfacet
  facet normal 0.0546355 0.55474 -0.830228
    outer loop
      vertex 0.698202 4.38624 0
      vertex 0 4.75795 0.202421
      vertex 0.928229 4.66653 0.202421
    endloop
  endfacet
  facet normal -0.054631 0.554734 -0.830233
    outer loop
      vertex -0.698202 4.38624 0
      vertex 0 4.75795 0.202421
      vertex 0 4.455 0
    endloop
  endfacet
  facet normal -0.0546355 0.55474 -0.830228
    outer loop
      vertex 0 4.75795 0.202421
      vertex -0.698202 4.38624 0
      vertex -0.928229 4.66653 0.202421
    endloop
  endfacet
  facet normal 0.796846 -0.241723 -0.55372
    outer loop
      vertex 6.11092 -2.53122 2.46452
      vertex 5.35626 -2.21864 1.24205
      vertex 5.68618 -1.13105 1.24205
    endloop
  endfacet
  facet normal 0.734379 -0.392533 -0.553719
    outer loop
      vertex 6.11092 -2.53122 2.46452
      vertex 4.82051 -3.22096 1.24205
      vertex 5.35626 -2.21864 1.24205
    endloop
  endfacet
  facet normal 0.430875 0.353632 -0.830236
    outer loop
      vertex 3.25912 3.0174 0
      vertex 3.15016 3.15016 0
      vertex 3.36438 3.36438 0.202421
    endloop
  endfacet
  facet normal 0.491602 0.262768 -0.830229
    outer loop
      vertex 4.03492 1.85633 0
      vertex 3.95609 2.64337 0.202421
      vertex 4.39577 1.82079 0.202421
    endloop
  endfacet
  facet normal 0.491609 0.262768 -0.830225
    outer loop
      vertex 3.95609 2.64337 0.202421
      vertex 4.03492 1.85633 0
      vertex 3.7042 2.47507 0
    endloop
  endfacet
  facet normal 0.705399 0.0694765 -0.705397
    outer loop
      vertex 5.79758 0 1.24205
      vertex 4.66653 0.928229 0.202421
      vertex 5.68618 1.13105 1.24205
    endloop
  endfacet
  facet normal 0.828695 0.0816203 -0.553717
    outer loop
      vertex 5.79758 0 1.24205
      vertex 5.68618 1.13105 1.24205
      vertex 6.61441 0 2.46452
    endloop
  endfacet
  facet normal 0.938725 0.284759 -0.194185
    outer loop
      vertex 7.03915 1.40017 3.82286
      vertex 6.89573 2.85631 5.26487
      vertex 7.32047 1.45613 5.26487
    endloop
  endfacet
  facet normal 0.976242 0.0961481 -0.194185
    outer loop
      vertex 7.17705 0 3.82286
      vertex 7.03915 1.40017 3.82286
      vertex 7.32047 1.45613 5.26487
    endloop
  endfacet
  facet normal 0.353622 0.430895 -0.830229
    outer loop
      vertex 3.0174 3.25912 0
      vertex 2.64337 3.95609 0.202421
      vertex 3.36438 3.36438 0.202421
    endloop
  endfacet
  facet normal 0.35363 0.430898 -0.830224
    outer loop
      vertex 2.64337 3.95609 0.202421
      vertex 3.0174 3.25912 0
      vertex 2.47507 3.7042 0
    endloop
  endfacet
  facet normal 0.449661 0.547921 -0.705399
    outer loop
      vertex 3.36438 3.36438 0.202421
      vertex 2.64337 3.95609 0.202421
      vertex 3.22096 4.82051 1.24205
    endloop
  endfacet
  facet normal -0.26838 0.88472 0.381107
    outer loop
      vertex -1.40017 7.03915 8.17713
      vertex -2.53122 6.11092 9.53547
      vertex -1.29041 6.48732 9.53547
    endloop
  endfacet
  facet normal -0.268379 0.88472 0.381108
    outer loop
      vertex -1.40017 7.03915 8.17713
      vertex -2.74654 6.63073 8.17713
      vertex -2.53122 6.11092 9.53547
    endloop
  endfacet
  facet normal -0.392529 0.734372 0.553731
    outer loop
      vertex -2.53122 6.11092 9.53547
      vertex -3.22096 4.82051 10.7579
      vertex -2.21864 5.35626 10.7579
    endloop
  endfacet
  facet normal -0.39253 0.734372 0.553731
    outer loop
      vertex -2.53122 6.11092 9.53547
      vertex -3.67477 5.49968 9.53547
      vertex -3.22096 4.82051 10.7579
    endloop
  endfacet
  facet normal -0.796838 0.241721 0.553733
    outer loop
      vertex -6.11092 2.53122 9.53547
      vertex -6.48732 1.29041 9.53547
      vertex -5.68618 1.13105 10.7579
    endloop
  endfacet
  facet normal -0.828685 0.0816156 0.553732
    outer loop
      vertex -6.48732 1.29041 9.53547
      vertex -6.61441 0 9.53547
      vertex -5.68618 1.13105 10.7579
    endloop
  endfacet
  facet normal 0.0694765 0.705399 -0.705397
    outer loop
      vertex 0.928229 4.66653 0.202421
      vertex 0 5.79758 1.24205
      vertex 1.13105 5.68618 1.24205
    endloop
  endfacet
  facet normal 0.0546531 0.554729 -0.830234
    outer loop
      vertex 0.869128 4.3694 0
      vertex 0.698202 4.38624 0
      vertex 0.928229 4.66653 0.202421
    endloop
  endfacet
  facet normal -0.334132 0.625115 -0.705399
    outer loop
      vertex -2.64337 3.95609 0.202421
      vertex -3.22096 4.82051 1.24205
      vertex -1.82079 4.39577 0.202421
    endloop
  endfacet
  facet normal -0.35363 0.430898 -0.830224
    outer loop
      vertex -3.0174 3.25912 0
      vertex -2.64337 3.95609 0.202421
      vertex -2.47507 3.7042 0
    endloop
  endfacet
  facet normal -0.353622 0.430895 -0.830229
    outer loop
      vertex -2.64337 3.95609 0.202421
      vertex -3.0174 3.25912 0
      vertex -3.36438 3.36438 0.202421
    endloop
  endfacet
  facet normal -0.734379 0.392533 -0.553719
    outer loop
      vertex -5.35626 2.21864 1.24205
      vertex -6.11092 2.53122 2.46452
      vertex -4.82051 3.22096 1.24205
    endloop
  endfacet
  facet normal -0.734379 0.392534 -0.553718
    outer loop
      vertex -4.82051 3.22096 1.24205
      vertex -6.11092 2.53122 2.46452
      vertex -5.49968 3.67477 2.46452
    endloop
  endfacet
  facet normal -0.97624 -0.0961537 0.194192
    outer loop
      vertex -7.17705 0 8.17713
      vertex -7.46389 0 6.73513
      vertex -7.32047 -1.45613 6.73513
    endloop
  endfacet
  facet normal -0.97624 0.0961537 0.194192
    outer loop
      vertex -7.32047 1.45613 6.73513
      vertex -7.46389 0 6.73513
      vertex -7.17705 0 8.17713
    endloop
  endfacet
  facet normal -0.95694 0.290285 0
    outer loop
      vertex -7.32047 1.45613 5.26487
      vertex -6.89573 2.85631 6.73513
      vertex -6.89573 2.85631 5.26487
    endloop
  endfacet
  facet normal -0.95694 0.290285 0
    outer loop
      vertex -6.89573 2.85631 6.73513
      vertex -7.32047 1.45613 5.26487
      vertex -7.32047 1.45613 6.73513
    endloop
  endfacet
  facet normal -0.643694 0.528261 -0.553713
    outer loop
      vertex -4.09951 4.09951 1.24205
      vertex -4.82051 3.22096 1.24205
      vertex -4.67709 4.67709 2.46452
    endloop
  endfacet
  facet normal -0.54792 0.449662 -0.705399
    outer loop
      vertex -3.36438 3.36438 0.202421
      vertex -4.82051 3.22096 1.24205
      vertex -4.09951 4.09951 1.24205
    endloop
  endfacet
  facet normal -0.491601 -0.262791 -0.830223
    outer loop
      vertex -4.03492 -1.85633 0
      vertex -4.39577 -1.82079 0.202421
      vertex -4.11589 -1.70486 0
    endloop
  endfacet
  facet normal -0.55474 -0.0546355 -0.830228
    outer loop
      vertex -4.75795 0 0.202421
      vertex -4.38624 -0.698202 0
      vertex -4.66653 -0.928229 0.202421
    endloop
  endfacet
  facet normal -0.554734 -0.054631 -0.830233
    outer loop
      vertex -4.38624 -0.698202 0
      vertex -4.75795 0 0.202421
      vertex -4.455 0 0
    endloop
  endfacet
  facet normal -0.734379 -0.392533 -0.553719
    outer loop
      vertex -4.82051 -3.22096 1.24205
      vertex -6.11092 -2.53122 2.46452
      vertex -5.35626 -2.21864 1.24205
    endloop
  endfacet
  facet normal -0.796846 -0.241723 -0.55372
    outer loop
      vertex -5.35626 -2.21864 1.24205
      vertex -6.11092 -2.53122 2.46452
      vertex -5.68618 -1.13105 1.24205
    endloop
  endfacet
  facet normal -0.491609 -0.262768 -0.830225
    outer loop
      vertex -3.95609 -2.64337 0.202421
      vertex -4.03492 -1.85633 0
      vertex -3.7042 -2.47507 0
    endloop
  endfacet
  facet normal -0.491602 -0.262768 -0.830229
    outer loop
      vertex -4.03492 -1.85633 0
      vertex -3.95609 -2.64337 0.202421
      vertex -4.39577 -1.82079 0.202421
    endloop
  endfacet
  facet normal -0.430895 -0.353622 -0.830229
    outer loop
      vertex -3.95609 -2.64337 0.202421
      vertex -3.25912 -3.0174 0
      vertex -3.36438 -3.36438 0.202421
    endloop
  endfacet
  facet normal -0.430898 -0.35363 -0.830224
    outer loop
      vertex -3.25912 -3.0174 0
      vertex -3.95609 -2.64337 0.202421
      vertex -3.7042 -2.47507 0
    endloop
  endfacet
  facet normal 0.97624 -0.0961537 0.194192
    outer loop
      vertex 7.46389 0 6.73513
      vertex 7.17705 0 8.17713
      vertex 7.32047 -1.45613 6.73513
    endloop
  endfacet
  facet normal 0.734372 -0.39253 0.553731
    outer loop
      vertex 6.11092 -2.53122 9.53547
      vertex 4.82051 -3.22096 10.7579
      vertex 5.49968 -3.67477 9.53547
    endloop
  endfacet
  facet normal 0.714669 -0.586519 0.381109
    outer loop
      vertex 5.49968 -3.67477 9.53547
      vertex 4.67709 -4.67709 9.53547
      vertex 5.9675 -3.98736 8.17713
    endloop
  endfacet
  facet normal 0.297068 0.24379 0.92321
    outer loop
      vertex 2.93964 1.9642 12.6144
      vertex 1.53947 1.53947 13.1771
      vertex 1.81022 1.20955 13.1771
    endloop
  endfacet
  facet normal 0.547939 0.449676 0.705375
    outer loop
      vertex 4.82051 3.22096 10.7579
      vertex 3.36438 3.36438 11.7976
      vertex 3.95609 2.64337 11.7976
    endloop
  endfacet
  facet normal 0.353614 -0.430887 0.830237
    outer loop
      vertex 2.49996 -2.49996 12.6144
      vertex 1.9642 -2.93964 12.6144
      vertex 3.36438 -3.36438 11.7976
    endloop
  endfacet
  facet normal 0.297067 -0.243793 0.92321
    outer loop
      vertex 2.93964 -1.9642 12.6144
      vertex 1.53947 -1.53947 13.1771
      vertex 2.49996 -2.49996 12.6144
    endloop
  endfacet
  facet normal -0.0923825 -0.172836 0.980609
    outer loop
      vertex -0.408415 -0.611237 13.4639
      vertex -0.833153 -2.01141 13.1771
      vertex -0.281321 -0.67917 13.4639
    endloop
  endfacet
  facet normal 0.338918 -0.181157 0.92321
    outer loop
      vertex 2.01141 -0.833153 13.1771
      vertex 1.81022 -1.20955 13.1771
      vertex 2.93964 -1.9642 12.6144
    endloop
  endfacet
  facet normal 0.528255 -0.643688 0.553726
    outer loop
      vertex 4.09951 -4.09951 10.7579
      vertex 3.22096 -4.82051 10.7579
      vertex 4.67709 -4.67709 9.53547
    endloop
  endfacet
  facet normal 0.547939 -0.449677 0.705374
    outer loop
      vertex 4.82051 -3.22096 10.7579
      vertex 3.36438 -3.36438 11.7976
      vertex 4.09951 -4.09951 10.7579
    endloop
  endfacet
  facet normal 0.449677 -0.547939 0.705374
    outer loop
      vertex 3.36438 -3.36438 11.7976
      vertex 3.22096 -4.82051 10.7579
      vertex 4.09951 -4.09951 10.7579
    endloop
  endfacet
  facet normal 0.449676 -0.547939 0.705375
    outer loop
      vertex 3.36438 -3.36438 11.7976
      vertex 2.64337 -3.95609 11.7976
      vertex 3.22096 -4.82051 10.7579
    endloop
  endfacet
  facet normal 0.758296 -0.622318 0.194183
    outer loop
      vertex 5.9675 -3.98736 8.17713
      vertex 5.27776 -5.27776 6.73513
      vertex 6.20599 -4.14671 6.73513
    endloop
  endfacet
  facet normal 0.865132 -0.462427 0.194184
    outer loop
      vertex 6.89573 -2.85631 6.73513
      vertex 5.9675 -3.98736 8.17713
      vertex 6.20599 -4.14671 6.73513
    endloop
  endfacet
  facet normal 0.241723 -0.796846 -0.55372
    outer loop
      vertex 2.53122 -6.11092 2.46452
      vertex 1.13105 -5.68618 1.24205
      vertex 2.21864 -5.35626 1.24205
    endloop
  endfacet
  facet normal 0.334132 -0.625115 -0.705399
    outer loop
      vertex 3.22096 -4.82051 1.24205
      vertex 1.82079 -4.39577 0.202421
      vertex 2.64337 -3.95609 0.202421
    endloop
  endfacet
  facet normal 0.528265 -0.643687 -0.553719
    outer loop
      vertex 3.67477 -5.49968 2.46452
      vertex 3.22096 -4.82051 1.24205
      vertex 4.67709 -4.67709 2.46452
    endloop
  endfacet
  facet normal 0.528261 -0.643694 -0.553713
    outer loop
      vertex 4.67709 -4.67709 2.46452
      vertex 3.22096 -4.82051 1.24205
      vertex 4.09951 -4.09951 1.24205
    endloop
  endfacet
  facet normal 0.586518 -0.714669 -0.38111
    outer loop
      vertex 5.07494 -5.07494 3.82286
      vertex 3.98736 -5.9675 3.82286
      vertex 4.67709 -4.67709 2.46452
    endloop
  endfacet
  facet normal 0.714669 -0.586518 -0.38111
    outer loop
      vertex 5.07494 -5.07494 3.82286
      vertex 4.67709 -4.67709 2.46452
      vertex 5.9675 -3.98736 3.82286
    endloop
  endfacet
  facet normal 0.284761 0.938724 0.194189
    outer loop
      vertex 2.85631 6.89573 6.73513
      vertex 1.40017 7.03915 8.17713
      vertex 2.74654 6.63073 8.17713
    endloop
  endfacet
  facet normal 0.284759 0.938725 0.194187
    outer loop
      vertex 1.45613 7.32047 6.73513
      vertex 1.40017 7.03915 8.17713
      vertex 2.85631 6.89573 6.73513
    endloop
  endfacet
  facet normal 0.334142 0.625138 0.705374
    outer loop
      vertex 2.21864 5.35626 10.7579
      vertex 1.82079 4.39577 11.7976
      vertex 3.22096 4.82051 10.7579
    endloop
  endfacet
  facet normal -0.054634 0.554724 0.830239
    outer loop
      vertex 0 4.75795 11.7976
      vertex -0.928229 4.66653 11.7976
      vertex 0 3.53547 12.6144
    endloop
  endfacet
  facet normal 0.26838 0.88472 0.381107
    outer loop
      vertex 1.40017 7.03915 8.17713
      vertex 1.29041 6.48732 9.53547
      vertex 2.53122 6.11092 9.53547
    endloop
  endfacet
  facet normal 0.241721 0.796838 0.553733
    outer loop
      vertex 1.29041 6.48732 9.53547
      vertex 1.13105 5.68618 10.7579
      vertex 2.53122 6.11092 9.53547
    endloop
  endfacet
  facet normal 0.815363 0.43582 0.381109
    outer loop
      vertex 5.9675 3.98736 8.17713
      vertex 5.49968 3.67477 9.53547
      vertex 6.11092 2.53122 9.53547
    endloop
  endfacet
  facet normal 0.714669 0.586519 0.381109
    outer loop
      vertex 5.9675 3.98736 8.17713
      vertex 4.67709 4.67709 9.53547
      vertex 5.49968 3.67477 9.53547
    endloop
  endfacet
  facet normal -0.195033 -0.0192088 0.980609
    outer loop
      vertex -0.735128 0 13.4639
      vertex -2.1353 -0.424738 13.1771
      vertex -0.721003 -0.143416 13.4639
    endloop
  endfacet
  facet normal 0.151491 -0.124326 0.980609
    outer loop
      vertex 0.611237 -0.408415 13.4639
      vertex 0.519814 -0.519814 13.4639
      vertex 1.53947 -1.53947 13.1771
    endloop
  endfacet
  facet normal -0.533406 0.16181 0.830238
    outer loop
      vertex -4.39577 1.82079 11.7976
      vertex -4.66653 0.928229 11.7976
      vertex -3.46754 0.689736 12.6144
    endloop
  endfacet
  facet normal -0.533408 0.161808 0.830238
    outer loop
      vertex -3.26635 1.35297 12.6144
      vertex -4.39577 1.82079 11.7976
      vertex -3.46754 0.689736 12.6144
    endloop
  endfacet
  facet normal -0.625138 0.334142 0.705374
    outer loop
      vertex -4.82051 3.22096 10.7579
      vertex -5.35626 2.21864 10.7579
      vertex -4.39577 1.82079 11.7976
    endloop
  endfacet
  facet normal -0.625136 0.334143 0.705375
    outer loop
      vertex -3.95609 2.64337 11.7976
      vertex -4.82051 3.22096 10.7579
      vertex -4.39577 1.82079 11.7976
    endloop
  endfacet
  facet normal -0.714669 0.586519 0.381109
    outer loop
      vertex -4.67709 4.67709 9.53547
      vertex -5.9675 3.98736 8.17713
      vertex -5.49968 3.67477 9.53547
    endloop
  endfacet
  facet normal -0.815363 0.43582 0.381109
    outer loop
      vertex -5.9675 3.98736 8.17713
      vertex -6.11092 2.53122 9.53547
      vertex -5.49968 3.67477 9.53547
    endloop
  endfacet
  facet normal 0.241721 0.796838 0.553732
    outer loop
      vertex 2.53122 6.11092 9.53547
      vertex 1.13105 5.68618 10.7579
      vertex 2.21864 5.35626 10.7579
    endloop
  endfacet
  facet normal 0.205768 0.678313 0.705373
    outer loop
      vertex 1.13105 5.68618 10.7579
      vertex 0.928229 4.66653 11.7976
      vertex 1.82079 4.39577 11.7976
    endloop
  endfacet
  facet normal 0.367749 0.111554 0.92321
    outer loop
      vertex 3.26635 1.35297 12.6144
      vertex 2.01141 0.833153 13.1771
      vertex 2.1353 0.424738 13.1771
    endloop
  endfacet
  facet normal 0.297067 0.243793 0.92321
    outer loop
      vertex 2.49996 2.49996 12.6144
      vertex 1.53947 1.53947 13.1771
      vertex 2.93964 1.9642 12.6144
    endloop
  endfacet
  facet normal 0.181157 -0.338918 0.92321
    outer loop
      vertex 1.20955 -1.81022 13.1771
      vertex 0.833153 -2.01141 13.1771
      vertex 1.9642 -2.93964 12.6144
    endloop
  endfacet
  facet normal 0.124324 -0.151494 0.980609
    outer loop
      vertex 1.53947 -1.53947 13.1771
      vertex 0.408415 -0.611237 13.4639
      vertex 1.20955 -1.81022 13.1771
    endloop
  endfacet
  facet normal -0.151491 0.124326 0.980609
    outer loop
      vertex -0.519814 0.519814 13.4639
      vertex -1.53947 1.53947 13.1771
      vertex -0.611237 0.408415 13.4639
    endloop
  endfacet
  facet normal 0.0923833 0.172836 0.980609
    outer loop
      vertex 0.833153 2.01141 13.1771
      vertex 0.408415 0.611237 13.4639
      vertex 1.20955 1.81022 13.1771
    endloop
  endfacet
  facet normal -0.187538 0.0568884 0.980609
    outer loop
      vertex -2.01141 0.833153 13.1771
      vertex -2.1353 0.424738 13.1771
      vertex -0.67917 0.281321 13.4639
    endloop
  endfacet
  facet normal 0.151494 0.124324 0.980609
    outer loop
      vertex 1.53947 1.53947 13.1771
      vertex 0.611237 0.408415 13.4639
      vertex 1.81022 1.20955 13.1771
    endloop
  endfacet
  facet normal 0.056889 -0.187538 0.980609
    outer loop
      vertex 0.281321 -0.67917 13.4639
      vertex 0.143416 -0.721003 13.4639
      vertex 0.424738 -2.1353 13.1771
    endloop
  endfacet
  facet normal 0.0923833 -0.172836 0.980609
    outer loop
      vertex 1.20955 -1.81022 13.1771
      vertex 0.408415 -0.611237 13.4639
      vertex 0.833153 -2.01141 13.1771
    endloop
  endfacet
  facet normal -0.938725 0.284759 -0.194185
    outer loop
      vertex -7.03915 1.40017 3.82286
      vertex -7.32047 1.45613 5.26487
      vertex -6.89573 2.85631 5.26487
    endloop
  endfacet
  facet normal -0.938724 0.284761 -0.194187
    outer loop
      vertex -6.63073 2.74654 3.82286
      vertex -7.03915 1.40017 3.82286
      vertex -6.89573 2.85631 5.26487
    endloop
  endfacet
  facet normal -0.554729 -0.0546531 -0.830234
    outer loop
      vertex -4.3694 -0.869128 0
      vertex -4.66653 -0.928229 0.202421
      vertex -4.38624 -0.698202 0
    endloop
  endfacet
  facet normal -0.533416 -0.161813 -0.830231
    outer loop
      vertex -4.66653 -0.928229 0.202421
      vertex -4.16574 -1.5405 0
      vertex -4.39577 -1.82079 0.202421
    endloop
  endfacet
  facet normal -0.533414 -0.161811 -0.830233
    outer loop
      vertex -4.16574 -1.5405 0
      vertex -4.66653 -0.928229 0.202421
      vertex -4.3694 -0.869128 0
    endloop
  endfacet
  facet normal -0.920079 -0.0906168 -0.381107
    outer loop
      vertex -7.03915 -1.40017 3.82286
      vertex -7.17705 0 3.82286
      vertex -6.61441 0 2.46452
    endloop
  endfacet
  facet normal -0.920079 0.0906168 -0.381107
    outer loop
      vertex -6.61441 0 2.46452
      vertex -7.17705 0 3.82286
      vertex -7.03915 1.40017 3.82286
    endloop
  endfacet
  facet normal -0.938725 -0.284759 -0.194185
    outer loop
      vertex -6.89573 -2.85631 5.26487
      vertex -7.32047 -1.45613 5.26487
      vertex -7.03915 -1.40017 3.82286
    endloop
  endfacet
  facet normal -0.938724 -0.284761 -0.194187
    outer loop
      vertex -6.89573 -2.85631 5.26487
      vertex -7.03915 -1.40017 3.82286
      vertex -6.63073 -2.74654 3.82286
    endloop
  endfacet
  facet normal -0.734379 -0.392534 -0.553718
    outer loop
      vertex -5.49968 -3.67477 2.46452
      vertex -6.11092 -2.53122 2.46452
      vertex -4.82051 -3.22096 1.24205
    endloop
  endfacet
  facet normal -0.643687 -0.528265 -0.553719
    outer loop
      vertex -4.67709 -4.67709 2.46452
      vertex -5.49968 -3.67477 2.46452
      vertex -4.82051 -3.22096 1.24205
    endloop
  endfacet
  facet normal -0.758294 -0.62232 -0.194185
    outer loop
      vertex -5.27776 -5.27776 5.26487
      vertex -5.9675 -3.98736 3.82286
      vertex -5.07494 -5.07494 3.82286
    endloop
  endfacet
  facet normal -0.714669 -0.586518 -0.38111
    outer loop
      vertex -5.07494 -5.07494 3.82286
      vertex -5.9675 -3.98736 3.82286
      vertex -4.67709 -4.67709 2.46452
    endloop
  endfacet
  facet normal -0.714669 -0.586518 0.38111
    outer loop
      vertex -4.67709 -4.67709 9.53547
      vertex -5.9675 -3.98736 8.17713
      vertex -5.07494 -5.07494 8.17713
    endloop
  endfacet
  facet normal -0.714669 -0.586519 0.381109
    outer loop
      vertex -5.49968 -3.67477 9.53547
      vertex -5.9675 -3.98736 8.17713
      vertex -4.67709 -4.67709 9.53547
    endloop
  endfacet
  facet normal -0.62232 -0.758294 0.194186
    outer loop
      vertex -5.07494 -5.07494 8.17713
      vertex -5.27776 -5.27776 6.73513
      vertex -3.98736 -5.9675 8.17713
    endloop
  endfacet
  facet normal -0.758294 -0.62232 0.194186
    outer loop
      vertex -5.07494 -5.07494 8.17713
      vertex -5.9675 -3.98736 8.17713
      vertex -5.27776 -5.27776 6.73513
    endloop
  endfacet
  facet normal -0.392534 -0.734379 -0.553718
    outer loop
      vertex -2.53122 -6.11092 2.46452
      vertex -3.67477 -5.49968 2.46452
      vertex -3.22096 -4.82051 1.24205
    endloop
  endfacet
  facet normal -0.528265 -0.643687 -0.553719
    outer loop
      vertex -3.67477 -5.49968 2.46452
      vertex -4.67709 -4.67709 2.46452
      vertex -3.22096 -4.82051 1.24205
    endloop
  endfacet
  facet normal -0.0694765 -0.705399 -0.705397
    outer loop
      vertex 0 -5.79758 1.24205
      vertex -1.13105 -5.68618 1.24205
      vertex -0.928229 -4.66653 0.202421
    endloop
  endfacet
  facet normal 0.334131 -0.625116 -0.705398
    outer loop
      vertex 2.21864 -5.35626 1.24205
      vertex 1.82079 -4.39577 0.202421
      vertex 3.22096 -4.82051 1.24205
    endloop
  endfacet
  facet normal -0.334132 -0.625115 -0.705399
    outer loop
      vertex -1.82079 -4.39577 0.202421
      vertex -3.22096 -4.82051 1.24205
      vertex -2.64337 -3.95609 0.202421
    endloop
  endfacet
  facet normal -0.35363 -0.430898 -0.830224
    outer loop
      vertex -2.64337 -3.95609 0.202421
      vertex -3.0174 -3.25912 0
      vertex -2.47507 -3.7042 0
    endloop
  endfacet
  facet normal -0.353622 -0.430895 -0.830229
    outer loop
      vertex -3.0174 -3.25912 0
      vertex -2.64337 -3.95609 0.202421
      vertex -3.36438 -3.36438 0.202421
    endloop
  endfacet
  facet normal -0.533436 0.16179 -0.830223
    outer loop
      vertex -4.16574 1.5405 0
      vertex -4.39577 1.82079 0.202421
      vertex -4.11589 1.70486 0
    endloop
  endfacet
  facet normal 0.353622 -0.430895 -0.830229
    outer loop
      vertex 2.64337 -3.95609 0.202421
      vertex 3.0174 -3.25912 0
      vertex 3.36438 -3.36438 0.202421
    endloop
  endfacet
  facet normal 0.35363 -0.430898 -0.830224
    outer loop
      vertex 3.0174 -3.25912 0
      vertex 2.64337 -3.95609 0.202421
      vertex 2.47507 -3.7042 0
    endloop
  endfacet
  facet normal 0.205759 -0.67829 -0.705398
    outer loop
      vertex 2.21864 -5.35626 1.24205
      vertex 1.13105 -5.68618 1.24205
      vertex 1.82079 -4.39577 0.202421
    endloop
  endfacet
  facet normal 0.0694765 -0.705399 -0.705397
    outer loop
      vertex 1.13105 -5.68618 1.24205
      vertex 0 -5.79758 1.24205
      vertex 0.928229 -4.66653 0.202421
    endloop
  endfacet
  facet normal -0.367749 -0.111554 0.92321
    outer loop
      vertex -2.1353 -0.424738 13.1771
      vertex -3.26635 -1.35297 12.6144
      vertex -2.01141 -0.833153 13.1771
    endloop
  endfacet
  facet normal -0.367748 -0.111555 0.92321
    outer loop
      vertex -2.1353 -0.424738 13.1771
      vertex -3.46754 -0.689736 12.6144
      vertex -3.26635 -1.35297 12.6144
    endloop
  endfacet
  facet normal -0.88472 -0.268379 0.381108
    outer loop
      vertex -6.11092 -2.53122 9.53547
      vertex -7.03915 -1.40017 8.17713
      vertex -6.63073 -2.74654 8.17713
    endloop
  endfacet
  facet normal -0.815364 -0.43582 0.381108
    outer loop
      vertex -6.11092 -2.53122 9.53547
      vertex -6.63073 -2.74654 8.17713
      vertex -5.9675 -3.98736 8.17713
    endloop
  endfacet
  facet normal -0.430886 -0.353614 0.830238
    outer loop
      vertex -2.93964 -1.9642 12.6144
      vertex -3.95609 -2.64337 11.7976
      vertex -3.36438 -3.36438 11.7976
    endloop
  endfacet
  facet normal -0.547939 -0.449676 0.705375
    outer loop
      vertex -3.95609 -2.64337 11.7976
      vertex -4.82051 -3.22096 10.7579
      vertex -3.36438 -3.36438 11.7976
    endloop
  endfacet
  facet normal -0.678313 -0.205766 0.705374
    outer loop
      vertex -4.39577 -1.82079 11.7976
      vertex -5.68618 -1.13105 10.7579
      vertex -5.35626 -2.21864 10.7579
    endloop
  endfacet
  facet normal -0.625138 -0.334142 0.705374
    outer loop
      vertex -4.39577 -1.82079 11.7976
      vertex -5.35626 -2.21864 10.7579
      vertex -4.82051 -3.22096 10.7579
    endloop
  endfacet
  facet normal -0.0906168 -0.920079 0.381107
    outer loop
      vertex -1.29041 -6.48732 9.53547
      vertex -1.40017 -7.03915 8.17713
      vertex 0 -6.61441 9.53547
    endloop
  endfacet
  facet normal -0.0546331 -0.554725 0.830238
    outer loop
      vertex -0.689736 -3.46754 12.6144
      vertex -0.928229 -4.66653 11.7976
      vertex 0 -3.53547 12.6144
    endloop
  endfacet
  facet normal -0.528259 -0.64368 0.553731
    outer loop
      vertex -3.22096 -4.82051 10.7579
      vertex -4.67709 -4.67709 9.53547
      vertex -3.67477 -5.49968 9.53547
    endloop
  endfacet
  facet normal -0.586519 -0.714669 0.381109
    outer loop
      vertex -3.67477 -5.49968 9.53547
      vertex -4.67709 -4.67709 9.53547
      vertex -3.98736 -5.9675 8.17713
    endloop
  endfacet
  facet normal 0.0192077 -0.195033 0.980609
    outer loop
      vertex 0 -0.735128 13.4639
      vertex 0 -2.17713 13.1771
      vertex 0.424738 -2.1353 13.1771
    endloop
  endfacet
  facet normal -0.181156 -0.338918 0.92321
    outer loop
      vertex -0.833153 -2.01141 13.1771
      vertex -1.9642 -2.93964 12.6144
      vertex -1.35297 -3.26635 12.6144
    endloop
  endfacet
  facet normal 0.172836 -0.0923825 0.980609
    outer loop
      vertex 0.67917 -0.281321 13.4639
      vertex 0.611237 -0.408415 13.4639
      vertex 2.01141 -0.833153 13.1771
    endloop
  endfacet
  facet normal 0.187538 -0.0568884 0.980609
    outer loop
      vertex 2.1353 -0.424738 13.1771
      vertex 0.67917 -0.281321 13.4639
      vertex 2.01141 -0.833153 13.1771
    endloop
  endfacet
  facet normal 0.24379 -0.297068 0.92321
    outer loop
      vertex 1.53947 -1.53947 13.1771
      vertex 1.20955 -1.81022 13.1771
      vertex 1.9642 -2.93964 12.6144
    endloop
  endfacet
  facet normal 0.0923825 -0.172836 0.980609
    outer loop
      vertex 0.408415 -0.611237 13.4639
      vertex 0.281321 -0.67917 13.4639
      vertex 0.833153 -2.01141 13.1771
    endloop
  endfacet
  facet normal 0.054634 -0.554724 0.830239
    outer loop
      vertex 0 -3.53547 12.6144
      vertex 0 -4.75795 11.7976
      vertex 0.928229 -4.66653 11.7976
    endloop
  endfacet
  facet normal -0.0816195 -0.828687 0.55373
    outer loop
      vertex 0 -5.79758 10.7579
      vertex -1.13105 -5.68618 10.7579
      vertex 0 -6.61441 9.53547
    endloop
  endfacet
  facet normal 0.334143 -0.625136 0.705375
    outer loop
      vertex 2.64337 -3.95609 11.7976
      vertex 1.82079 -4.39577 11.7976
      vertex 3.22096 -4.82051 10.7579
    endloop
  endfacet
  facet normal 0.241721 -0.796838 0.553732
    outer loop
      vertex 2.21864 -5.35626 10.7579
      vertex 1.13105 -5.68618 10.7579
      vertex 2.53122 -6.11092 9.53547
    endloop
  endfacet
  facet normal 0.0376659 -0.382445 0.92321
    outer loop
      vertex 0.424738 -2.1353 13.1771
      vertex 0 -3.53547 12.6144
      vertex 0.689736 -3.46754 12.6144
    endloop
  endfacet
  facet normal 0.0376648 -0.382445 0.92321
    outer loop
      vertex 0 -2.17713 13.1771
      vertex 0 -3.53547 12.6144
      vertex 0.424738 -2.1353 13.1771
    endloop
  endfacet
  facet normal 0.62232 0.758294 -0.194185
    outer loop
      vertex 5.07494 5.07494 3.82286
      vertex 3.98736 5.9675 3.82286
      vertex 5.27776 5.27776 5.26487
    endloop
  endfacet
  facet normal 0.284759 0.938725 -0.194185
    outer loop
      vertex 2.85631 6.89573 5.26487
      vertex 1.40017 7.03915 3.82286
      vertex 1.45613 7.32047 5.26487
    endloop
  endfacet
  facet normal 0.4714 0.881919 -0
    outer loop
      vertex 4.14671 6.20599 5.26487
      vertex 2.85631 6.89573 6.73513
      vertex 4.14671 6.20599 6.73513
    endloop
  endfacet
  facet normal 0.4714 0.881919 0
    outer loop
      vertex 2.85631 6.89573 6.73513
      vertex 4.14671 6.20599 5.26487
      vertex 2.85631 6.89573 5.26487
    endloop
  endfacet
  facet normal 0.462427 0.865132 -0.194183
    outer loop
      vertex 3.98736 5.9675 3.82286
      vertex 2.85631 6.89573 5.26487
      vertex 4.14671 6.20599 5.26487
    endloop
  endfacet
  facet normal -0.284761 0.938724 -0.194187
    outer loop
      vertex -2.74654 6.63073 3.82286
      vertex -2.85631 6.89573 5.26487
      vertex -1.40017 7.03915 3.82286
    endloop
  endfacet
  facet normal -0.392533 0.734379 -0.553719
    outer loop
      vertex -2.21864 5.35626 1.24205
      vertex -3.22096 4.82051 1.24205
      vertex -2.53122 6.11092 2.46452
    endloop
  endfacet
  facet normal 0.0816164 0.828694 -0.55372
    outer loop
      vertex 1.13105 5.68618 1.24205
      vertex 0 6.61441 2.46452
      vertex 1.29041 6.48732 2.46452
    endloop
  endfacet
  facet normal 0.241723 0.796846 -0.55372
    outer loop
      vertex 2.53122 6.11092 2.46452
      vertex 1.13105 5.68618 1.24205
      vertex 1.29041 6.48732 2.46452
    endloop
  endfacet
  facet normal -0.586519 0.714669 -0.381109
    outer loop
      vertex -3.67477 5.49968 2.46452
      vertex -4.67709 4.67709 2.46452
      vertex -3.98736 5.9675 3.82286
    endloop
  endfacet
  facet normal -0.205761 0.67829 -0.705397
    outer loop
      vertex -0.928229 4.66653 0.202421
      vertex -1.82079 4.39577 0.202421
      vertex -1.13105 5.68618 1.24205
    endloop
  endfacet
  facet normal -0.262768 0.491609 -0.830225
    outer loop
      vertex -2.64337 3.95609 0.202421
      vertex -1.85633 4.03492 0
      vertex -2.47507 3.7042 0
    endloop
  endfacet
  facet normal -0.262768 0.491602 -0.830229
    outer loop
      vertex -1.85633 4.03492 0
      vertex -2.64337 3.95609 0.202421
      vertex -1.82079 4.39577 0.202421
    endloop
  endfacet
  facet normal -0.16179 0.533436 -0.830223
    outer loop
      vertex -1.70486 4.11589 0
      vertex -1.82079 4.39577 0.202421
      vertex -1.5405 4.16574 0
    endloop
  endfacet
  facet normal 0.161813 0.533416 -0.830231
    outer loop
      vertex 1.5405 4.16574 0
      vertex 0.928229 4.66653 0.202421
      vertex 1.82079 4.39577 0.202421
    endloop
  endfacet
  facet normal 0.161811 0.533414 -0.830233
    outer loop
      vertex 0.928229 4.66653 0.202421
      vertex 1.5405 4.16574 0
      vertex 0.869128 4.3694 0
    endloop
  endfacet
  facet normal 0.205761 0.67829 -0.705397
    outer loop
      vertex 1.82079 4.39577 0.202421
      vertex 0.928229 4.66653 0.202421
      vertex 1.13105 5.68618 1.24205
    endloop
  endfacet
  facet normal 0.262791 0.491601 -0.830223
    outer loop
      vertex 1.85633 4.03492 0
      vertex 1.70486 4.11589 0
      vertex 1.82079 4.39577 0.202421
    endloop
  endfacet
  facet normal 0.88472 -0.26838 -0.381107
    outer loop
      vertex 7.03915 -1.40017 3.82286
      vertex 6.11092 -2.53122 2.46452
      vertex 6.48732 -1.29041 2.46452
    endloop
  endfacet
  facet normal 0.796846 -0.241723 -0.55372
    outer loop
      vertex 6.11092 -2.53122 2.46452
      vertex 5.68618 -1.13105 1.24205
      vertex 6.48732 -1.29041 2.46452
    endloop
  endfacet
  facet normal 0.625115 -0.334132 -0.705399
    outer loop
      vertex 4.82051 -3.22096 1.24205
      vertex 3.95609 -2.64337 0.202421
      vertex 4.39577 -1.82079 0.202421
    endloop
  endfacet
  facet normal 0.705399 -0.0694765 -0.705397
    outer loop
      vertex 5.68618 -1.13105 1.24205
      vertex 4.66653 -0.928229 0.202421
      vertex 5.79758 0 1.24205
    endloop
  endfacet
  facet normal 0.353632 -0.430875 -0.830236
    outer loop
      vertex 3.36438 -3.36438 0.202421
      vertex 3.0174 -3.25912 0
      vertex 3.15016 -3.15016 0
    endloop
  endfacet
  facet normal 0.430898 0.35363 -0.830224
    outer loop
      vertex 3.25912 3.0174 0
      vertex 3.95609 2.64337 0.202421
      vertex 3.7042 2.47507 0
    endloop
  endfacet
  facet normal 0.430895 0.353622 -0.830229
    outer loop
      vertex 3.95609 2.64337 0.202421
      vertex 3.25912 3.0174 0
      vertex 3.36438 3.36438 0.202421
    endloop
  endfacet
  facet normal 0.625115 0.334132 -0.705399
    outer loop
      vertex 4.39577 1.82079 0.202421
      vertex 3.95609 2.64337 0.202421
      vertex 4.82051 3.22096 1.24205
    endloop
  endfacet
  facet normal 0.643694 0.528261 -0.553713
    outer loop
      vertex 4.82051 3.22096 1.24205
      vertex 4.09951 4.09951 1.24205
      vertex 4.67709 4.67709 2.46452
    endloop
  endfacet
  facet normal 0.828695 -0.0816203 -0.553717
    outer loop
      vertex 6.61441 0 2.46452
      vertex 5.68618 -1.13105 1.24205
      vertex 5.79758 0 1.24205
    endloop
  endfacet
  facet normal 0.554729 -0.0546531 -0.830234
    outer loop
      vertex 4.66653 -0.928229 0.202421
      vertex 4.3694 -0.869128 0
      vertex 4.38624 -0.698202 0
    endloop
  endfacet
  facet normal 0.547921 0.449661 -0.705399
    outer loop
      vertex 3.95609 2.64337 0.202421
      vertex 3.36438 3.36438 0.202421
      vertex 4.82051 3.22096 1.24205
    endloop
  endfacet
  facet normal 0.353632 0.430875 -0.830236
    outer loop
      vertex 3.15016 3.15016 0
      vertex 3.0174 3.25912 0
      vertex 3.36438 3.36438 0.202421
    endloop
  endfacet
  facet normal -0.705423 0.0694789 0.705373
    outer loop
      vertex -5.68618 1.13105 10.7579
      vertex -5.79758 0 10.7579
      vertex -4.66653 0.928229 11.7976
    endloop
  endfacet
  facet normal -0.828687 0.0816195 0.55373
    outer loop
      vertex -5.68618 1.13105 10.7579
      vertex -6.61441 0 9.53547
      vertex -5.79758 0 10.7579
    endloop
  endfacet
  facet normal -0.528255 0.643688 0.553726
    outer loop
      vertex -3.22096 4.82051 10.7579
      vertex -4.67709 4.67709 9.53547
      vertex -4.09951 4.09951 10.7579
    endloop
  endfacet
  facet normal -0.64368 0.528259 0.553731
    outer loop
      vertex -4.67709 4.67709 9.53547
      vertex -5.49968 3.67477 9.53547
      vertex -4.82051 3.22096 10.7579
    endloop
  endfacet
  facet normal -0.0694737 0.705398 -0.705399
    outer loop
      vertex 0 4.75795 0.202421
      vertex -0.928229 4.66653 0.202421
      vertex 0 5.79758 1.24205
    endloop
  endfacet
  facet normal 0.0694737 0.705398 -0.705399
    outer loop
      vertex 0.928229 4.66653 0.202421
      vertex 0 4.75795 0.202421
      vertex 0 5.79758 1.24205
    endloop
  endfacet
  facet normal -0.528261 0.643694 -0.553713
    outer loop
      vertex -4.09951 4.09951 1.24205
      vertex -4.67709 4.67709 2.46452
      vertex -3.22096 4.82051 1.24205
    endloop
  endfacet
  facet normal -0.528265 0.643687 -0.553719
    outer loop
      vertex -3.22096 4.82051 1.24205
      vertex -4.67709 4.67709 2.46452
      vertex -3.67477 5.49968 2.46452
    endloop
  endfacet
  facet normal -0.491601 0.262791 -0.830223
    outer loop
      vertex -4.11589 1.70486 0
      vertex -4.39577 1.82079 0.202421
      vertex -4.03492 1.85633 0
    endloop
  endfacet
  facet normal 0.938725 -0.284759 -0.194185
    outer loop
      vertex 7.32047 -1.45613 5.26487
      vertex 6.89573 -2.85631 5.26487
      vertex 7.03915 -1.40017 3.82286
    endloop
  endfacet
  facet normal 0.976242 -0.0961481 -0.194185
    outer loop
      vertex 7.32047 -1.45613 5.26487
      vertex 7.03915 -1.40017 3.82286
      vertex 7.17705 0 3.82286
    endloop
  endfacet
  facet normal 0.705423 -0.0694789 0.705373
    outer loop
      vertex 5.79758 0 10.7579
      vertex 4.66653 -0.928229 11.7976
      vertex 5.68618 -1.13105 10.7579
    endloop
  endfacet
  facet normal 0.533406 -0.16181 0.830238
    outer loop
      vertex 4.66653 -0.928229 11.7976
      vertex 3.46754 -0.689736 12.6144
      vertex 4.39577 -1.82079 11.7976
    endloop
  endfacet
  facet normal 0.338918 0.181157 0.92321
    outer loop
      vertex 2.93964 1.9642 12.6144
      vertex 1.81022 1.20955 13.1771
      vertex 2.01141 0.833153 13.1771
    endloop
  endfacet
  facet normal 0.491591 0.262762 0.830237
    outer loop
      vertex 3.95609 2.64337 11.7976
      vertex 2.93964 1.9642 12.6144
      vertex 4.39577 1.82079 11.7976
    endloop
  endfacet
  facet normal 0.547939 0.449677 0.705374
    outer loop
      vertex 4.09951 4.09951 10.7579
      vertex 3.36438 3.36438 11.7976
      vertex 4.82051 3.22096 10.7579
    endloop
  endfacet
  facet normal 0.643688 0.528255 0.553726
    outer loop
      vertex 4.67709 4.67709 9.53547
      vertex 4.09951 4.09951 10.7579
      vertex 4.82051 3.22096 10.7579
    endloop
  endfacet
  facet normal 0.334143 0.625136 0.705375
    outer loop
      vertex 3.22096 4.82051 10.7579
      vertex 1.82079 4.39577 11.7976
      vertex 2.64337 3.95609 11.7976
    endloop
  endfacet
  facet normal 0.262762 0.491591 0.830237
    outer loop
      vertex 2.64337 3.95609 11.7976
      vertex 1.82079 4.39577 11.7976
      vertex 1.9642 2.93964 12.6144
    endloop
  endfacet
  facet normal 0.430887 0.353614 0.830237
    outer loop
      vertex 3.36438 3.36438 11.7976
      vertex 2.49996 2.49996 12.6144
      vertex 2.93964 1.9642 12.6144
    endloop
  endfacet
  facet normal 0.353614 0.430886 0.830238
    outer loop
      vertex 2.64337 3.95609 11.7976
      vertex 1.9642 2.93964 12.6144
      vertex 3.36438 3.36438 11.7976
    endloop
  endfacet
  facet normal 0.172836 -0.0923833 0.980609
    outer loop
      vertex 2.01141 -0.833153 13.1771
      vertex 0.611237 -0.408415 13.4639
      vertex 1.81022 -1.20955 13.1771
    endloop
  endfacet
  facet normal 0.151494 -0.124324 0.980609
    outer loop
      vertex 1.81022 -1.20955 13.1771
      vertex 0.611237 -0.408415 13.4639
      vertex 1.53947 -1.53947 13.1771
    endloop
  endfacet
  facet normal -0.172836 0.0923825 0.980609
    outer loop
      vertex -0.611237 0.408415 13.4639
      vertex -2.01141 0.833153 13.1771
      vertex -0.67917 0.281321 13.4639
    endloop
  endfacet
  facet normal 0.734379 -0.392534 -0.553718
    outer loop
      vertex 5.49968 -3.67477 2.46452
      vertex 4.82051 -3.22096 1.24205
      vertex 6.11092 -2.53122 2.46452
    endloop
  endfacet
  facet normal 0.815363 -0.43582 -0.381109
    outer loop
      vertex 5.9675 -3.98736 3.82286
      vertex 5.49968 -3.67477 2.46452
      vertex 6.11092 -2.53122 2.46452
    endloop
  endfacet
  facet normal 0.0906168 0.920079 0.381107
    outer loop
      vertex 0 7.17705 8.17713
      vertex 0 6.61441 9.53547
      vertex 1.40017 7.03915 8.17713
    endloop
  endfacet
  facet normal 0.0906168 0.920079 0.381107
    outer loop
      vertex 1.40017 7.03915 8.17713
      vertex 0 6.61441 9.53547
      vertex 1.29041 6.48732 9.53547
    endloop
  endfacet
  facet normal -0.205766 0.678313 0.705374
    outer loop
      vertex -1.13105 5.68618 10.7579
      vertex -2.21864 5.35626 10.7579
      vertex -1.82079 4.39577 11.7976
    endloop
  endfacet
  facet normal -0.205768 0.678313 0.705373
    outer loop
      vertex -1.13105 5.68618 10.7579
      vertex -1.82079 4.39577 11.7976
      vertex -0.928229 4.66653 11.7976
    endloop
  endfacet
  facet normal 0.43582 0.815364 0.381108
    outer loop
      vertex 2.74654 6.63073 8.17713
      vertex 2.53122 6.11092 9.53547
      vertex 3.98736 5.9675 8.17713
    endloop
  endfacet
  facet normal 0.268379 0.88472 0.381108
    outer loop
      vertex 2.74654 6.63073 8.17713
      vertex 1.40017 7.03915 8.17713
      vertex 2.53122 6.11092 9.53547
    endloop
  endfacet
  facet normal -0.430887 0.353614 0.830237
    outer loop
      vertex -2.49996 2.49996 12.6144
      vertex -3.36438 3.36438 11.7976
      vertex -2.93964 1.9642 12.6144
    endloop
  endfacet
  facet normal -0.297067 0.243793 0.92321
    outer loop
      vertex -2.49996 2.49996 12.6144
      vertex -2.93964 1.9642 12.6144
      vertex -1.53947 1.53947 13.1771
    endloop
  endfacet
  facet normal -0.643688 0.528255 0.553726
    outer loop
      vertex -4.67709 4.67709 9.53547
      vertex -4.82051 3.22096 10.7579
      vertex -4.09951 4.09951 10.7579
    endloop
  endfacet
  facet normal -0.547939 0.449676 0.705375
    outer loop
      vertex -3.36438 3.36438 11.7976
      vertex -4.82051 3.22096 10.7579
      vertex -3.95609 2.64337 11.7976
    endloop
  endfacet
  facet normal 0.0816156 0.828685 0.553732
    outer loop
      vertex 1.29041 6.48732 9.53547
      vertex 0 6.61441 9.53547
      vertex 1.13105 5.68618 10.7579
    endloop
  endfacet
  facet normal 0.0694789 0.705423 0.705373
    outer loop
      vertex 1.13105 5.68618 10.7579
      vertex 0 5.79758 10.7579
      vertex 0.928229 4.66653 11.7976
    endloop
  endfacet
  facet normal 0.0546331 0.554725 0.830238
    outer loop
      vertex 0.928229 4.66653 11.7976
      vertex 0 3.53547 12.6144
      vertex 0.689736 3.46754 12.6144
    endloop
  endfacet
  facet normal 0.0376659 0.382445 0.92321
    outer loop
      vertex 0.689736 3.46754 12.6144
      vertex 0 3.53547 12.6144
      vertex 0.424738 2.1353 13.1771
    endloop
  endfacet
  facet normal 0.124324 0.151494 0.980609
    outer loop
      vertex 1.20955 1.81022 13.1771
      vertex 0.408415 0.611237 13.4639
      vertex 1.53947 1.53947 13.1771
    endloop
  endfacet
  facet normal -0.0192077 0.195033 0.980609
    outer loop
      vertex 0 2.17713 13.1771
      vertex -0.424738 2.1353 13.1771
      vertex 0 0.735128 13.4639
    endloop
  endfacet
  facet normal -0.0192088 0.195033 0.980609
    outer loop
      vertex 0 0.735128 13.4639
      vertex -0.424738 2.1353 13.1771
      vertex -0.143416 0.721003 13.4639
    endloop
  endfacet
  facet normal -0.0923833 0.172836 0.980609
    outer loop
      vertex -0.833153 2.01141 13.1771
      vertex -1.20955 1.81022 13.1771
      vertex -0.408415 0.611237 13.4639
    endloop
  endfacet
  facet normal -0.181157 0.338918 0.92321
    outer loop
      vertex -0.833153 2.01141 13.1771
      vertex -1.9642 2.93964 12.6144
      vertex -1.20955 1.81022 13.1771
    endloop
  endfacet
  facet normal -0.172836 -0.0923825 0.980609
    outer loop
      vertex -0.67917 -0.281321 13.4639
      vertex -2.01141 -0.833153 13.1771
      vertex -0.611237 -0.408415 13.4639
    endloop
  endfacet
  facet normal -0.297068 0.24379 0.92321
    outer loop
      vertex -1.53947 1.53947 13.1771
      vertex -2.93964 1.9642 12.6144
      vertex -1.81022 1.20955 13.1771
    endloop
  endfacet
  facet normal -0.338918 0.181157 0.92321
    outer loop
      vertex -1.81022 1.20955 13.1771
      vertex -2.93964 1.9642 12.6144
      vertex -2.01141 0.833153 13.1771
    endloop
  endfacet
  facet normal 0.0192088 -0.195033 0.980609
    outer loop
      vertex 0.143416 -0.721003 13.4639
      vertex 0 -0.735128 13.4639
      vertex 0.424738 -2.1353 13.1771
    endloop
  endfacet
  facet normal -0.554729 0.0546531 -0.830234
    outer loop
      vertex -4.38624 0.698202 0
      vertex -4.66653 0.928229 0.202421
      vertex -4.3694 0.869128 0
    endloop
  endfacet
  facet normal -0.554734 0.054631 -0.830233
    outer loop
      vertex -4.75795 0 0.202421
      vertex -4.38624 0.698202 0
      vertex -4.455 0 0
    endloop
  endfacet
  facet normal -0.55474 0.0546355 -0.830228
    outer loop
      vertex -4.38624 0.698202 0
      vertex -4.75795 0 0.202421
      vertex -4.66653 0.928229 0.202421
    endloop
  endfacet
  facet normal -0.67829 -0.205761 -0.705397
    outer loop
      vertex -4.39577 -1.82079 0.202421
      vertex -5.68618 -1.13105 1.24205
      vertex -4.66653 -0.928229 0.202421
    endloop
  endfacet
  facet normal -0.828695 0.0816203 -0.553717
    outer loop
      vertex -5.79758 0 1.24205
      vertex -6.61441 0 2.46452
      vertex -5.68618 1.13105 1.24205
    endloop
  endfacet
  facet normal -0.828694 0.0816164 -0.55372
    outer loop
      vertex -5.68618 1.13105 1.24205
      vertex -6.61441 0 2.46452
      vertex -6.48732 1.29041 2.46452
    endloop
  endfacet
  facet normal -0.920079 0.0906168 -0.381107
    outer loop
      vertex -6.61441 0 2.46452
      vertex -7.03915 1.40017 3.82286
      vertex -6.48732 1.29041 2.46452
    endloop
  endfacet
  facet normal -0.705399 0.0694765 -0.705397
    outer loop
      vertex -4.66653 0.928229 0.202421
      vertex -5.79758 0 1.24205
      vertex -5.68618 1.13105 1.24205
    endloop
  endfacet
  facet normal -0.705398 0.0694737 -0.705399
    outer loop
      vertex -4.75795 0 0.202421
      vertex -5.79758 0 1.24205
      vertex -4.66653 0.928229 0.202421
    endloop
  endfacet
  facet normal -0.95694 -0.290285 0
    outer loop
      vertex -6.89573 -2.85631 5.26487
      vertex -7.32047 -1.45613 6.73513
      vertex -7.32047 -1.45613 5.26487
    endloop
  endfacet
  facet normal -0.95694 -0.290285 0
    outer loop
      vertex -7.32047 -1.45613 6.73513
      vertex -6.89573 -2.85631 5.26487
      vertex -6.89573 -2.85631 6.73513
    endloop
  endfacet
  facet normal -0.205759 -0.67829 -0.705398
    outer loop
      vertex -1.13105 -5.68618 1.24205
      vertex -2.21864 -5.35626 1.24205
      vertex -1.82079 -4.39577 0.202421
    endloop
  endfacet
  facet normal -0.334131 -0.625116 -0.705398
    outer loop
      vertex -2.21864 -5.35626 1.24205
      vertex -3.22096 -4.82051 1.24205
      vertex -1.82079 -4.39577 0.202421
    endloop
  endfacet
  facet normal 0.0694737 -0.705398 -0.705399
    outer loop
      vertex 0.928229 -4.66653 0.202421
      vertex 0 -5.79758 1.24205
      vertex 0 -4.75795 0.202421
    endloop
  endfacet
  facet normal 0.161813 -0.533416 -0.830231
    outer loop
      vertex 0.928229 -4.66653 0.202421
      vertex 1.5405 -4.16574 0
      vertex 1.82079 -4.39577 0.202421
    endloop
  endfacet
  facet normal 0.161811 -0.533414 -0.830233
    outer loop
      vertex 1.5405 -4.16574 0
      vertex 0.928229 -4.66653 0.202421
      vertex 0.869128 -4.3694 0
    endloop
  endfacet
  facet normal 0.262791 -0.491601 -0.830223
    outer loop
      vertex 1.82079 -4.39577 0.202421
      vertex 1.70486 -4.11589 0
      vertex 1.85633 -4.03492 0
    endloop
  endfacet
  facet normal -0.187538 0.056889 0.980609
    outer loop
      vertex -0.67917 0.281321 13.4639
      vertex -2.1353 0.424738 13.1771
      vertex -0.721003 0.143416 13.4639
    endloop
  endfacet
  facet normal -0.111554 -0.367749 0.92321
    outer loop
      vertex -0.833153 -2.01141 13.1771
      vertex -1.35297 -3.26635 12.6144
      vertex -0.424738 -2.1353 13.1771
    endloop
  endfacet
  facet normal -0.353614 -0.430887 0.830237
    outer loop
      vertex -2.49996 -2.49996 12.6144
      vertex -3.36438 -3.36438 11.7976
      vertex -1.9642 -2.93964 12.6144
    endloop
  endfacet
  facet normal -0.491591 -0.262762 0.830238
    outer loop
      vertex -3.26635 -1.35297 12.6144
      vertex -4.39577 -1.82079 11.7976
      vertex -2.93964 -1.9642 12.6144
    endloop
  endfacet
  facet normal -0.491591 -0.262762 0.830237
    outer loop
      vertex -2.93964 -1.9642 12.6144
      vertex -4.39577 -1.82079 11.7976
      vertex -3.95609 -2.64337 11.7976
    endloop
  endfacet
  facet normal -0.241721 -0.796838 0.553732
    outer loop
      vertex -2.21864 -5.35626 10.7579
      vertex -2.53122 -6.11092 9.53547
      vertex -1.13105 -5.68618 10.7579
    endloop
  endfacet
  facet normal -0.241721 -0.796838 0.553733
    outer loop
      vertex -1.13105 -5.68618 10.7579
      vertex -2.53122 -6.11092 9.53547
      vertex -1.29041 -6.48732 9.53547
    endloop
  endfacet
  facet normal -0.16181 -0.533406 0.830238
    outer loop
      vertex -0.689736 -3.46754 12.6144
      vertex -1.82079 -4.39577 11.7976
      vertex -0.928229 -4.66653 11.7976
    endloop
  endfacet
  facet normal -0.449676 -0.547939 0.705375
    outer loop
      vertex -2.64337 -3.95609 11.7976
      vertex -3.36438 -3.36438 11.7976
      vertex -3.22096 -4.82051 10.7579
    endloop
  endfacet
  facet normal -0.111555 -0.367748 0.92321
    outer loop
      vertex -0.424738 -2.1353 13.1771
      vertex -1.35297 -3.26635 12.6144
      vertex -0.689736 -3.46754 12.6144
    endloop
  endfacet
  facet normal -0.0376648 -0.382445 0.92321
    outer loop
      vertex 0 -2.17713 13.1771
      vertex -0.424738 -2.1353 13.1771
      vertex 0 -3.53547 12.6144
    endloop
  endfacet
  facet normal -0.056889 -0.187538 0.980609
    outer loop
      vertex -0.281321 -0.67917 13.4639
      vertex -0.424738 -2.1353 13.1771
      vertex -0.143416 -0.721003 13.4639
    endloop
  endfacet
  facet normal 0.124326 -0.151491 0.980609
    outer loop
      vertex 0.519814 -0.519814 13.4639
      vertex 0.408415 -0.611237 13.4639
      vertex 1.53947 -1.53947 13.1771
    endloop
  endfacet
  facet normal -0.151491 -0.124326 0.980609
    outer loop
      vertex -0.611237 -0.408415 13.4639
      vertex -1.53947 -1.53947 13.1771
      vertex -0.519814 -0.519814 13.4639
    endloop
  endfacet
  facet normal -0.124326 -0.151491 0.980609
    outer loop
      vertex -0.519814 -0.519814 13.4639
      vertex -1.53947 -1.53947 13.1771
      vertex -0.408415 -0.611237 13.4639
    endloop
  endfacet
  facet normal 0.262762 -0.491591 0.830237
    outer loop
      vertex 1.9642 -2.93964 12.6144
      vertex 1.82079 -4.39577 11.7976
      vertex 2.64337 -3.95609 11.7976
    endloop
  endfacet
  facet normal 0.0694789 -0.705423 0.705373
    outer loop
      vertex 0.928229 -4.66653 11.7976
      vertex 0 -5.79758 10.7579
      vertex 1.13105 -5.68618 10.7579
    endloop
  endfacet
  facet normal 0.205768 -0.678313 0.705373
    outer loop
      vertex 1.82079 -4.39577 11.7976
      vertex 0.928229 -4.66653 11.7976
      vertex 1.13105 -5.68618 10.7579
    endloop
  endfacet
  facet normal 0.205766 -0.678313 0.705374
    outer loop
      vertex 1.82079 -4.39577 11.7976
      vertex 1.13105 -5.68618 10.7579
      vertex 2.21864 -5.35626 10.7579
    endloop
  endfacet
  facet normal 0.634394 0.77301 -0
    outer loop
      vertex 5.27776 5.27776 5.26487
      vertex 4.14671 6.20599 6.73513
      vertex 5.27776 5.27776 6.73513
    endloop
  endfacet
  facet normal 0.634394 0.77301 0
    outer loop
      vertex 4.14671 6.20599 6.73513
      vertex 5.27776 5.27776 5.26487
      vertex 4.14671 6.20599 5.26487
    endloop
  endfacet
  facet normal -0.43582 0.815363 -0.381109
    outer loop
      vertex -3.67477 5.49968 2.46452
      vertex -3.98736 5.9675 3.82286
      vertex -2.53122 6.11092 2.46452
    endloop
  endfacet
  facet normal -0.43582 0.815364 -0.381108
    outer loop
      vertex -2.53122 6.11092 2.46452
      vertex -3.98736 5.9675 3.82286
      vertex -2.74654 6.63073 3.82286
    endloop
  endfacet
  facet normal -0.430875 0.353632 -0.830236
    outer loop
      vertex -3.25912 3.0174 0
      vertex -3.36438 3.36438 0.202421
      vertex -3.15016 3.15016 0
    endloop
  endfacet
  facet normal -0.353632 0.430875 -0.830236
    outer loop
      vertex -3.15016 3.15016 0
      vertex -3.36438 3.36438 0.202421
      vertex -3.0174 3.25912 0
    endloop
  endfacet
  facet normal 0.67829 -0.205761 -0.705397
    outer loop
      vertex 5.68618 -1.13105 1.24205
      vertex 4.39577 -1.82079 0.202421
      vertex 4.66653 -0.928229 0.202421
    endloop
  endfacet
  facet normal 0.67829 -0.205759 -0.705398
    outer loop
      vertex 5.35626 -2.21864 1.24205
      vertex 4.39577 -1.82079 0.202421
      vertex 5.68618 -1.13105 1.24205
    endloop
  endfacet
  facet normal 0.533416 -0.161813 -0.830231
    outer loop
      vertex 4.16574 -1.5405 0
      vertex 4.66653 -0.928229 0.202421
      vertex 4.39577 -1.82079 0.202421
    endloop
  endfacet
  facet normal 0.533414 -0.161811 -0.830233
    outer loop
      vertex 4.66653 -0.928229 0.202421
      vertex 4.16574 -1.5405 0
      vertex 4.3694 -0.869128 0
    endloop
  endfacet
  facet normal 0.554729 0.0546531 -0.830234
    outer loop
      vertex 4.38624 0.698202 0
      vertex 4.3694 0.869128 0
      vertex 4.66653 0.928229 0.202421
    endloop
  endfacet
  facet normal 0.67829 0.205761 -0.705397
    outer loop
      vertex 4.66653 0.928229 0.202421
      vertex 4.39577 1.82079 0.202421
      vertex 5.68618 1.13105 1.24205
    endloop
  endfacet
  facet normal 0.705398 0.0694737 -0.705399
    outer loop
      vertex 4.75795 0 0.202421
      vertex 4.66653 0.928229 0.202421
      vertex 5.79758 0 1.24205
    endloop
  endfacet
  facet normal 0.734379 0.392534 -0.553718
    outer loop
      vertex 6.11092 2.53122 2.46452
      vertex 4.82051 3.22096 1.24205
      vertex 5.49968 3.67477 2.46452
    endloop
  endfacet
  facet normal 0.734379 0.392533 -0.553719
    outer loop
      vertex 5.35626 2.21864 1.24205
      vertex 4.82051 3.22096 1.24205
      vertex 6.11092 2.53122 2.46452
    endloop
  endfacet
  facet normal -0.262791 -0.491601 -0.830223
    outer loop
      vertex -1.82079 -4.39577 0.202421
      vertex -1.85633 -4.03492 0
      vertex -1.70486 -4.11589 0
    endloop
  endfacet
  facet normal 0.0546355 -0.55474 -0.830228
    outer loop
      vertex 0 -4.75795 0.202421
      vertex 0.698202 -4.38624 0
      vertex 0.928229 -4.66653 0.202421
    endloop
  endfacet
  facet normal 0.054631 -0.554734 -0.830233
    outer loop
      vertex 0.698202 -4.38624 0
      vertex 0 -4.75795 0.202421
      vertex 0 -4.455 0
    endloop
  endfacet
  facet normal -0.0546531 -0.554729 -0.830234
    outer loop
      vertex -0.698202 -4.38624 0
      vertex -0.928229 -4.66653 0.202421
      vertex -0.869128 -4.3694 0
    endloop
  endfacet
  facet normal -0.491591 0.262762 0.830237
    outer loop
      vertex -3.95609 2.64337 11.7976
      vertex -4.39577 1.82079 11.7976
      vertex -2.93964 1.9642 12.6144
    endloop
  endfacet
  facet normal -0.547939 0.449677 0.705374
    outer loop
      vertex -4.09951 4.09951 10.7579
      vertex -4.82051 3.22096 10.7579
      vertex -3.36438 3.36438 11.7976
    endloop
  endfacet
  facet normal -0.0694765 0.705399 -0.705397
    outer loop
      vertex -0.928229 4.66653 0.202421
      vertex -1.13105 5.68618 1.24205
      vertex 0 5.79758 1.24205
    endloop
  endfacet
  facet normal 0.0816203 0.828695 -0.553717
    outer loop
      vertex 1.13105 5.68618 1.24205
      vertex 0 5.79758 1.24205
      vertex 0 6.61441 2.46452
    endloop
  endfacet
  facet normal 0.95694 -0.290285 0
    outer loop
      vertex 6.89573 -2.85631 6.73513
      vertex 7.32047 -1.45613 5.26487
      vertex 7.32047 -1.45613 6.73513
    endloop
  endfacet
  facet normal 0.95694 -0.290285 0
    outer loop
      vertex 7.32047 -1.45613 5.26487
      vertex 6.89573 -2.85631 6.73513
      vertex 6.89573 -2.85631 5.26487
    endloop
  endfacet
  facet normal 0.734372 -0.392529 0.553731
    outer loop
      vertex 5.35626 -2.21864 10.7579
      vertex 4.82051 -3.22096 10.7579
      vertex 6.11092 -2.53122 9.53547
    endloop
  endfacet
  facet normal 0.796838 -0.241721 0.553732
    outer loop
      vertex 5.68618 -1.13105 10.7579
      vertex 5.35626 -2.21864 10.7579
      vertex 6.11092 -2.53122 9.53547
    endloop
  endfacet
  facet normal 0.181157 0.338918 0.92321
    outer loop
      vertex 1.9642 2.93964 12.6144
      vertex 0.833153 2.01141 13.1771
      vertex 1.20955 1.81022 13.1771
    endloop
  endfacet
  facet normal 0.24379 0.297068 0.92321
    outer loop
      vertex 1.9642 2.93964 12.6144
      vertex 1.20955 1.81022 13.1771
      vertex 1.53947 1.53947 13.1771
    endloop
  endfacet
  facet normal -0.195033 0.0192088 0.980609
    outer loop
      vertex -0.721003 0.143416 13.4639
      vertex -2.1353 0.424738 13.1771
      vertex -0.735128 0 13.4639
    endloop
  endfacet
  facet normal 0.586519 0.714669 0.381109
    outer loop
      vertex 3.98736 5.9675 8.17713
      vertex 3.67477 5.49968 9.53547
      vertex 4.67709 4.67709 9.53547
    endloop
  endfacet
  facet normal 0.43582 0.815363 0.381109
    outer loop
      vertex 3.98736 5.9675 8.17713
      vertex 2.53122 6.11092 9.53547
      vertex 3.67477 5.49968 9.53547
    endloop
  endfacet
  facet normal -0.734372 0.39253 0.553731
    outer loop
      vertex -5.49968 3.67477 9.53547
      vertex -6.11092 2.53122 9.53547
      vertex -4.82051 3.22096 10.7579
    endloop
  endfacet
  facet normal -0.734372 0.392529 0.553731
    outer loop
      vertex -4.82051 3.22096 10.7579
      vertex -6.11092 2.53122 9.53547
      vertex -5.35626 2.21864 10.7579
    endloop
  endfacet
  facet normal 0.0816195 0.828687 0.55373
    outer loop
      vertex 0 6.61441 9.53547
      vertex 0 5.79758 10.7579
      vertex 1.13105 5.68618 10.7579
    endloop
  endfacet
  facet normal -0.0816195 0.828687 0.55373
    outer loop
      vertex 0 6.61441 9.53547
      vertex -1.13105 5.68618 10.7579
      vertex 0 5.79758 10.7579
    endloop
  endfacet
  facet normal 0.181156 0.338918 0.92321
    outer loop
      vertex 1.35297 3.26635 12.6144
      vertex 0.833153 2.01141 13.1771
      vertex 1.9642 2.93964 12.6144
    endloop
  endfacet
  facet normal 0.111554 0.367749 0.92321
    outer loop
      vertex 1.35297 3.26635 12.6144
      vertex 0.424738 2.1353 13.1771
      vertex 0.833153 2.01141 13.1771
    endloop
  endfacet
  facet normal 0.151491 0.124326 0.980609
    outer loop
      vertex 1.53947 1.53947 13.1771
      vertex 0.519814 0.519814 13.4639
      vertex 0.611237 0.408415 13.4639
    endloop
  endfacet
  facet normal -0.056889 0.187538 0.980609
    outer loop
      vertex -0.143416 0.721003 13.4639
      vertex -0.424738 2.1353 13.1771
      vertex -0.281321 0.67917 13.4639
    endloop
  endfacet
  facet normal 0.0192088 0.195033 0.980609
    outer loop
      vertex 0.424738 2.1353 13.1771
      vertex 0 0.735128 13.4639
      vertex 0.143416 0.721003 13.4639
    endloop
  endfacet
  facet normal -0.0568884 0.187538 0.980609
    outer loop
      vertex -0.424738 2.1353 13.1771
      vertex -0.833153 2.01141 13.1771
      vertex -0.281321 0.67917 13.4639
    endloop
  endfacet
  facet normal -0.0923825 0.172836 0.980609
    outer loop
      vertex -0.281321 0.67917 13.4639
      vertex -0.833153 2.01141 13.1771
      vertex -0.408415 0.611237 13.4639
    endloop
  endfacet
  facet normal -0.24379 0.297068 0.92321
    outer loop
      vertex -1.20955 1.81022 13.1771
      vertex -1.9642 2.93964 12.6144
      vertex -1.53947 1.53947 13.1771
    endloop
  endfacet
  facet normal -0.124324 0.151494 0.980609
    outer loop
      vertex -1.20955 1.81022 13.1771
      vertex -1.53947 1.53947 13.1771
      vertex -0.408415 0.611237 13.4639
    endloop
  endfacet
  facet normal -0.0568884 -0.187538 0.980609
    outer loop
      vertex -0.281321 -0.67917 13.4639
      vertex -0.833153 -2.01141 13.1771
      vertex -0.424738 -2.1353 13.1771
    endloop
  endfacet
  facet normal -0.151494 -0.124324 0.980609
    outer loop
      vertex -0.611237 -0.408415 13.4639
      vertex -1.81022 -1.20955 13.1771
      vertex -1.53947 -1.53947 13.1771
    endloop
  endfacet
  facet normal -0.172836 -0.0923833 0.980609
    outer loop
      vertex -0.611237 -0.408415 13.4639
      vertex -2.01141 -0.833153 13.1771
      vertex -1.81022 -1.20955 13.1771
    endloop
  endfacet
  facet normal -0.297068 -0.24379 0.92321
    outer loop
      vertex -1.81022 -1.20955 13.1771
      vertex -2.93964 -1.9642 12.6144
      vertex -1.53947 -1.53947 13.1771
    endloop
  endfacet
  facet normal -0.338918 -0.181157 0.92321
    outer loop
      vertex -2.01141 -0.833153 13.1771
      vertex -2.93964 -1.9642 12.6144
      vertex -1.81022 -1.20955 13.1771
    endloop
  endfacet
  facet normal -0.205768 -0.678313 0.705373
    outer loop
      vertex -0.928229 -4.66653 11.7976
      vertex -1.82079 -4.39577 11.7976
      vertex -1.13105 -5.68618 10.7579
    endloop
  endfacet
  facet normal -0.0694789 -0.705423 0.705373
    outer loop
      vertex -0.928229 -4.66653 11.7976
      vertex -1.13105 -5.68618 10.7579
      vertex 0 -5.79758 10.7579
    endloop
  endfacet
  facet normal -0.181157 -0.338918 0.92321
    outer loop
      vertex -1.20955 -1.81022 13.1771
      vertex -1.9642 -2.93964 12.6144
      vertex -0.833153 -2.01141 13.1771
    endloop
  endfacet
  facet normal -0.0923833 -0.172836 0.980609
    outer loop
      vertex -0.408415 -0.611237 13.4639
      vertex -1.20955 -1.81022 13.1771
      vertex -0.833153 -2.01141 13.1771
    endloop
  endfacet
  facet normal -0.0192077 -0.195033 0.980609
    outer loop
      vertex 0 -0.735128 13.4639
      vertex -0.424738 -2.1353 13.1771
      vertex 0 -2.17713 13.1771
    endloop
  endfacet
  facet normal 0.547921 -0.449661 -0.705399
    outer loop
      vertex 4.82051 -3.22096 1.24205
      vertex 3.36438 -3.36438 0.202421
      vertex 3.95609 -2.64337 0.202421
    endloop
  endfacet
  facet normal 0.491602 -0.262768 -0.830229
    outer loop
      vertex 3.95609 -2.64337 0.202421
      vertex 4.03492 -1.85633 0
      vertex 4.39577 -1.82079 0.202421
    endloop
  endfacet
  facet normal 0.491609 -0.262768 -0.830225
    outer loop
      vertex 4.03492 -1.85633 0
      vertex 3.95609 -2.64337 0.202421
      vertex 3.7042 -2.47507 0
    endloop
  endfacet
  facet normal 0.491601 -0.262791 -0.830223
    outer loop
      vertex 4.39577 -1.82079 0.202421
      vertex 4.03492 -1.85633 0
      vertex 4.11589 -1.70486 0
    endloop
  endfacet
  facet normal 0.55474 -0.0546355 -0.830228
    outer loop
      vertex 4.38624 -0.698202 0
      vertex 4.75795 0 0.202421
      vertex 4.66653 -0.928229 0.202421
    endloop
  endfacet
  facet normal 0.554734 -0.054631 -0.830233
    outer loop
      vertex 4.75795 0 0.202421
      vertex 4.38624 -0.698202 0
      vertex 4.455 0 0
    endloop
  endfacet
  facet normal 0.705398 -0.0694737 -0.705399
    outer loop
      vertex 5.79758 0 1.24205
      vertex 4.66653 -0.928229 0.202421
      vertex 4.75795 0 0.202421
    endloop
  endfacet
  facet normal 0.554734 0.054631 -0.830233
    outer loop
      vertex 4.38624 0.698202 0
      vertex 4.75795 0 0.202421
      vertex 4.455 0 0
    endloop
  endfacet
  facet normal 0.55474 0.0546355 -0.830228
    outer loop
      vertex 4.75795 0 0.202421
      vertex 4.38624 0.698202 0
      vertex 4.66653 0.928229 0.202421
    endloop
  endfacet
  facet normal 0.533414 0.161811 -0.830233
    outer loop
      vertex 4.16574 1.5405 0
      vertex 4.66653 0.928229 0.202421
      vertex 4.3694 0.869128 0
    endloop
  endfacet
  facet normal 0.533416 0.161813 -0.830231
    outer loop
      vertex 4.66653 0.928229 0.202421
      vertex 4.16574 1.5405 0
      vertex 4.39577 1.82079 0.202421
    endloop
  endfacet
  facet normal -0.16179 -0.533436 -0.830223
    outer loop
      vertex -1.5405 -4.16574 0
      vertex -1.82079 -4.39577 0.202421
      vertex -1.70486 -4.11589 0
    endloop
  endfacet
  facet normal 0.0546531 -0.554729 -0.830234
    outer loop
      vertex 0.928229 -4.66653 0.202421
      vertex 0.698202 -4.38624 0
      vertex 0.869128 -4.3694 0
    endloop
  endfacet
  facet normal -0.205759 0.67829 -0.705398
    outer loop
      vertex -1.82079 4.39577 0.202421
      vertex -2.21864 5.35626 1.24205
      vertex -1.13105 5.68618 1.24205
    endloop
  endfacet
  facet normal -0.241723 0.796846 -0.55372
    outer loop
      vertex -2.21864 5.35626 1.24205
      vertex -2.53122 6.11092 2.46452
      vertex -1.13105 5.68618 1.24205
    endloop
  endfacet
  facet normal -0.533436 -0.16179 -0.830223
    outer loop
      vertex -4.11589 -1.70486 0
      vertex -4.39577 -1.82079 0.202421
      vertex -4.16574 -1.5405 0
    endloop
  endfacet
  facet normal 0.625138 -0.334142 0.705374
    outer loop
      vertex 5.35626 -2.21864 10.7579
      vertex 4.39577 -1.82079 11.7976
      vertex 4.82051 -3.22096 10.7579
    endloop
  endfacet
  facet normal 0.678313 -0.205766 0.705374
    outer loop
      vertex 5.68618 -1.13105 10.7579
      vertex 4.39577 -1.82079 11.7976
      vertex 5.35626 -2.21864 10.7579
    endloop
  endfacet
  facet normal 0.353614 0.430887 0.830237
    outer loop
      vertex 3.36438 3.36438 11.7976
      vertex 1.9642 2.93964 12.6144
      vertex 2.49996 2.49996 12.6144
    endloop
  endfacet
  facet normal 0.243793 0.297067 0.92321
    outer loop
      vertex 1.9642 2.93964 12.6144
      vertex 1.53947 1.53947 13.1771
      vertex 2.49996 2.49996 12.6144
    endloop
  endfacet
  facet normal 0.069476 0.705422 0.705374
    outer loop
      vertex 0 5.79758 10.7579
      vertex 0 4.75795 11.7976
      vertex 0.928229 4.66653 11.7976
    endloop
  endfacet
  facet normal -0.069476 0.705422 0.705374
    outer loop
      vertex 0 5.79758 10.7579
      vertex -0.928229 4.66653 11.7976
      vertex 0 4.75795 11.7976
    endloop
  endfacet
  facet normal 0.0923825 0.172836 0.980609
    outer loop
      vertex 0.833153 2.01141 13.1771
      vertex 0.281321 0.67917 13.4639
      vertex 0.408415 0.611237 13.4639
    endloop
  endfacet
  facet normal 0.0568884 0.187538 0.980609
    outer loop
      vertex 0.424738 2.1353 13.1771
      vertex 0.281321 0.67917 13.4639
      vertex 0.833153 2.01141 13.1771
    endloop
  endfacet
  facet normal -0.297067 -0.243793 0.92321
    outer loop
      vertex -1.53947 -1.53947 13.1771
      vertex -2.93964 -1.9642 12.6144
      vertex -2.49996 -2.49996 12.6144
    endloop
  endfacet
  facet normal -0.430887 -0.353614 0.830237
    outer loop
      vertex -2.93964 -1.9642 12.6144
      vertex -3.36438 -3.36438 11.7976
      vertex -2.49996 -2.49996 12.6144
    endloop
  endfacet
  facet normal -0.054634 -0.554724 0.830239
    outer loop
      vertex 0 -3.53547 12.6144
      vertex -0.928229 -4.66653 11.7976
      vertex 0 -4.75795 11.7976
    endloop
  endfacet
  facet normal -0.069476 -0.705422 0.705374
    outer loop
      vertex 0 -4.75795 11.7976
      vertex -0.928229 -4.66653 11.7976
      vertex 0 -5.79758 10.7579
    endloop
  endfacet
  facet normal -0.161808 -0.533408 0.830238
    outer loop
      vertex -1.35297 -3.26635 12.6144
      vertex -1.82079 -4.39577 11.7976
      vertex -0.689736 -3.46754 12.6144
    endloop
  endfacet
  facet normal -0.262762 -0.491591 0.830238
    outer loop
      vertex -1.35297 -3.26635 12.6144
      vertex -1.9642 -2.93964 12.6144
      vertex -1.82079 -4.39577 11.7976
    endloop
  endfacet
  facet normal 0.430895 -0.353622 -0.830229
    outer loop
      vertex 3.25912 -3.0174 0
      vertex 3.95609 -2.64337 0.202421
      vertex 3.36438 -3.36438 0.202421
    endloop
  endfacet
  facet normal 0.430898 -0.35363 -0.830224
    outer loop
      vertex 3.95609 -2.64337 0.202421
      vertex 3.25912 -3.0174 0
      vertex 3.7042 -2.47507 0
    endloop
  endfacet
  facet normal 0.430875 -0.353632 -0.830236
    outer loop
      vertex 3.36438 -3.36438 0.202421
      vertex 3.15016 -3.15016 0
      vertex 3.25912 -3.0174 0
    endloop
  endfacet
  facet normal 0.533436 -0.16179 -0.830223
    outer loop
      vertex 4.39577 -1.82079 0.202421
      vertex 4.11589 -1.70486 0
      vertex 4.16574 -1.5405 0
    endloop
  endfacet
  facet normal 0 0 -1
    outer loop
      vertex 4.38624 -0.698202 0
      vertex 4.38624 0.698202 0
      vertex 4.455 0 0
    endloop
  endfacet
  facet normal 0 0 -1
    outer loop
      vertex 4.16574 -1.5405 0
      vertex 4.38624 -0.698202 0
      vertex 4.3694 -0.869128 0
    endloop
  endfacet
  facet normal -0 0 -1
    outer loop
      vertex 4.38624 -0.698202 0
      vertex 4.16574 -1.5405 0
      vertex 4.38624 0.698202 0
    endloop
  endfacet
  facet normal 0 0 -1
    outer loop
      vertex 4.16574 1.5405 0
      vertex 4.38624 0.698202 0
      vertex 4.16574 -1.5405 0
    endloop
  endfacet
  facet normal 0 0 -1
    outer loop
      vertex 4.38624 0.698202 0
      vertex 4.16574 1.5405 0
      vertex 4.3694 0.869128 0
    endloop
  endfacet
  facet normal 0 0 -1
    outer loop
      vertex 4.03492 -1.85633 0
      vertex 4.16574 -1.5405 0
      vertex 4.11589 -1.70486 0
    endloop
  endfacet
  facet normal -0 0 -1
    outer loop
      vertex 4.16574 -1.5405 0
      vertex 4.03492 -1.85633 0
      vertex 4.16574 1.5405 0
    endloop
  endfacet
  facet normal 0 0 -1
    outer loop
      vertex 4.03492 1.85633 0
      vertex 4.16574 1.5405 0
      vertex 4.03492 -1.85633 0
    endloop
  endfacet
  facet normal 0 0 -1
    outer loop
      vertex 4.16574 1.5405 0
      vertex 4.03492 1.85633 0
      vertex 4.11589 1.70486 0
    endloop
  endfacet
  facet normal 0 0 -1
    outer loop
      vertex 3.25912 -3.0174 0
      vertex 4.03492 -1.85633 0
      vertex 3.7042 -2.47507 0
    endloop
  endfacet
  facet normal -0 0 -1
    outer loop
      vertex 4.03492 -1.85633 0
      vertex 3.25912 -3.0174 0
      vertex 4.03492 1.85633 0
    endloop
  endfacet
  facet normal 0 0 -1
    outer loop
      vertex 3.25912 3.0174 0
      vertex 4.03492 1.85633 0
      vertex 3.25912 -3.0174 0
    endloop
  endfacet
  facet normal 0 0 -1
    outer loop
      vertex 4.03492 1.85633 0
      vertex 3.25912 3.0174 0
      vertex 3.7042 2.47507 0
    endloop
  endfacet
  facet normal 0 0 -1
    outer loop
      vertex 3.0174 -3.25912 0
      vertex 3.25912 -3.0174 0
      vertex 3.15016 -3.15016 0
    endloop
  endfacet
  facet normal -0 0 -1
    outer loop
      vertex 3.25912 -3.0174 0
      vertex 3.0174 -3.25912 0
      vertex 3.25912 3.0174 0
    endloop
  endfacet
  facet normal 0 0 -1
    outer loop
      vertex 3.0174 3.25912 0
      vertex 3.25912 3.0174 0
      vertex 3.0174 -3.25912 0
    endloop
  endfacet
  facet normal 0 0 -1
    outer loop
      vertex 3.25912 3.0174 0
      vertex 3.0174 3.25912 0
      vertex 3.15016 3.15016 0
    endloop
  endfacet
  facet normal 0 0 -1
    outer loop
      vertex 1.85633 -4.03492 0
      vertex 3.0174 -3.25912 0
      vertex 2.47507 -3.7042 0
    endloop
  endfacet
  facet normal -0 0 -1
    outer loop
      vertex 3.0174 -3.25912 0
      vertex 1.85633 -4.03492 0
      vertex 3.0174 3.25912 0
    endloop
  endfacet
  facet normal 0 0 -1
    outer loop
      vertex 1.85633 4.03492 0
      vertex 3.0174 3.25912 0
      vertex 1.85633 -4.03492 0
    endloop
  endfacet
  facet normal 0 0 -1
    outer loop
      vertex 3.0174 3.25912 0
      vertex 1.85633 4.03492 0
      vertex 2.47507 3.7042 0
    endloop
  endfacet
  facet normal 0 0 -1
    outer loop
      vertex 1.5405 -4.16574 0
      vertex 1.85633 -4.03492 0
      vertex 1.70486 -4.11589 0
    endloop
  endfacet
  facet normal -0 0 -1
    outer loop
      vertex 1.85633 -4.03492 0
      vertex 1.5405 -4.16574 0
      vertex 1.85633 4.03492 0
    endloop
  endfacet
  facet normal 0 0 -1
    outer loop
      vertex 1.5405 4.16574 0
      vertex 1.85633 4.03492 0
      vertex 1.5405 -4.16574 0
    endloop
  endfacet
  facet normal 0 0 -1
    outer loop
      vertex 1.85633 4.03492 0
      vertex 1.5405 4.16574 0
      vertex 1.70486 4.11589 0
    endloop
  endfacet
  facet normal 0 0 -1
    outer loop
      vertex 0.698202 -4.38624 0
      vertex 1.5405 -4.16574 0
      vertex 0.869128 -4.3694 0
    endloop
  endfacet
  facet normal -0 0 -1
    outer loop
      vertex 1.5405 -4.16574 0
      vertex 0.698202 -4.38624 0
      vertex 1.5405 4.16574 0
    endloop
  endfacet
  facet normal 0 0 -1
    outer loop
      vertex 0.698202 4.38624 0
      vertex 1.5405 4.16574 0
      vertex 0.698202 -4.38624 0
    endloop
  endfacet
  facet normal 0 0 -1
    outer loop
      vertex 1.5405 4.16574 0
      vertex 0.698202 4.38624 0
      vertex 0.869128 4.3694 0
    endloop
  endfacet
  facet normal 0 0 -1
    outer loop
      vertex -0.698202 -4.38624 0
      vertex 0.698202 -4.38624 0
      vertex 0 -4.455 0
    endloop
  endfacet
  facet normal 0 0 -1
    outer loop
      vertex 0.698202 -4.38624 0
      vertex -0.698202 -4.38624 0
      vertex 0.698202 4.38624 0
    endloop
  endfacet
  facet normal 0 0 -1
    outer loop
      vertex -0.698202 4.38624 0
      vertex 0.698202 4.38624 0
      vertex -0.698202 -4.38624 0
    endloop
  endfacet
  facet normal 0 0 -1
    outer loop
      vertex 0.698202 4.38624 0
      vertex -0.698202 4.38624 0
      vertex 0 4.455 0
    endloop
  endfacet
  facet normal 0 0 -1
    outer loop
      vertex -1.5405 -4.16574 0
      vertex -0.698202 -4.38624 0
      vertex -0.869128 -4.3694 0
    endloop
  endfacet
  facet normal 0 0 -1
    outer loop
      vertex -0.698202 -4.38624 0
      vertex -1.5405 -4.16574 0
      vertex -0.698202 4.38624 0
    endloop
  endfacet
  facet normal 0 0 -1
    outer loop
      vertex -1.5405 4.16574 0
      vertex -0.698202 4.38624 0
      vertex -1.5405 -4.16574 0
    endloop
  endfacet
  facet normal 0 0 -1
    outer loop
      vertex -0.698202 4.38624 0
      vertex -1.5405 4.16574 0
      vertex -0.869128 4.3694 0
    endloop
  endfacet
  facet normal 0 0 -1
    outer loop
      vertex -1.85633 -4.03492 0
      vertex -1.5405 -4.16574 0
      vertex -1.70486 -4.11589 0
    endloop
  endfacet
  facet normal 0 0 -1
    outer loop
      vertex -1.5405 -4.16574 0
      vertex -1.85633 -4.03492 0
      vertex -1.5405 4.16574 0
    endloop
  endfacet
  facet normal 0 0 -1
    outer loop
      vertex -1.85633 4.03492 0
      vertex -1.5405 4.16574 0
      vertex -1.85633 -4.03492 0
    endloop
  endfacet
  facet normal 0 0 -1
    outer loop
      vertex -1.5405 4.16574 0
      vertex -1.85633 4.03492 0
      vertex -1.70486 4.11589 0
    endloop
  endfacet
  facet normal 0 0 -1
    outer loop
      vertex -3.0174 -3.25912 0
      vertex -1.85633 -4.03492 0
      vertex -2.47507 -3.7042 0
    endloop
  endfacet
  facet normal 0 0 -1
    outer loop
      vertex -1.85633 -4.03492 0
      vertex -3.0174 -3.25912 0
      vertex -1.85633 4.03492 0
    endloop
  endfacet
  facet normal 0 0 -1
    outer loop
      vertex -3.0174 3.25912 0
      vertex -1.85633 4.03492 0
      vertex -3.0174 -3.25912 0
    endloop
  endfacet
  facet normal 0 0 -1
    outer loop
      vertex -1.85633 4.03492 0
      vertex -3.0174 3.25912 0
      vertex -2.47507 3.7042 0
    endloop
  endfacet
  facet normal 0 0 -1
    outer loop
      vertex -3.25912 -3.0174 0
      vertex -3.0174 -3.25912 0
      vertex -3.15016 -3.15016 0
    endloop
  endfacet
  facet normal 0 0 -1
    outer loop
      vertex -3.0174 -3.25912 0
      vertex -3.25912 -3.0174 0
      vertex -3.0174 3.25912 0
    endloop
  endfacet
  facet normal 0 0 -1
    outer loop
      vertex -3.25912 3.0174 0
      vertex -3.0174 3.25912 0
      vertex -3.25912 -3.0174 0
    endloop
  endfacet
  facet normal 0 0 -1
    outer loop
      vertex -3.0174 3.25912 0
      vertex -3.25912 3.0174 0
      vertex -3.15016 3.15016 0
    endloop
  endfacet
  facet normal 0 0 -1
    outer loop
      vertex -4.03492 -1.85633 0
      vertex -3.25912 -3.0174 0
      vertex -3.7042 -2.47507 0
    endloop
  endfacet
  facet normal 0 0 -1
    outer loop
      vertex -3.25912 -3.0174 0
      vertex -4.03492 -1.85633 0
      vertex -3.25912 3.0174 0
    endloop
  endfacet
  facet normal 0 0 -1
    outer loop
      vertex -4.03492 1.85633 0
      vertex -3.25912 3.0174 0
      vertex -4.03492 -1.85633 0
    endloop
  endfacet
  facet normal 0 0 -1
    outer loop
      vertex -3.25912 3.0174 0
      vertex -4.03492 1.85633 0
      vertex -3.7042 2.47507 0
    endloop
  endfacet
  facet normal 0 0 -1
    outer loop
      vertex -4.16574 -1.5405 0
      vertex -4.03492 -1.85633 0
      vertex -4.11589 -1.70486 0
    endloop
  endfacet
  facet normal 0 0 -1
    outer loop
      vertex -4.03492 -1.85633 0
      vertex -4.16574 -1.5405 0
      vertex -4.03492 1.85633 0
    endloop
  endfacet
  facet normal 0 0 -1
    outer loop
      vertex -4.16574 1.5405 0
      vertex -4.03492 1.85633 0
      vertex -4.16574 -1.5405 0
    endloop
  endfacet
  facet normal 0 0 -1
    outer loop
      vertex -4.03492 1.85633 0
      vertex -4.16574 1.5405 0
      vertex -4.11589 1.70486 0
    endloop
  endfacet
  facet normal 0 0 -1
    outer loop
      vertex -4.38624 -0.698202 0
      vertex -4.16574 -1.5405 0
      vertex -4.3694 -0.869128 0
    endloop
  endfacet
  facet normal 0 0 -1
    outer loop
      vertex -4.16574 -1.5405 0
      vertex -4.38624 -0.698202 0
      vertex -4.16574 1.5405 0
    endloop
  endfacet
  facet normal 0 0 -1
    outer loop
      vertex -4.38624 0.698202 0
      vertex -4.16574 1.5405 0
      vertex -4.38624 -0.698202 0
    endloop
  endfacet
  facet normal 0 0 -1
    outer loop
      vertex -4.16574 1.5405 0
      vertex -4.38624 0.698202 0
      vertex -4.3694 0.869128 0
    endloop
  endfacet
  facet normal 0 -0 -1
    outer loop
      vertex -4.38624 0.698202 0
      vertex -4.38624 -0.698202 0
      vertex -4.455 0 0
    endloop
  endfacet
endsolid OpenSCAD_Model
